Year,Month,Work Type,Value
2010,"Jan ",New Housing - Public,
2010,"Jan ",New Housing - Private,
2010,"Jan ",Total Housing,
2010,"Jan ",Other New Work - Infrastructure,
2010,"Jan ",Other New Work - Excluding Infrastructure - Public,
2010,"Jan ",Other New Work - Excluding Infrastructure - Private Industrial,
2010,"Jan ",Other New Work - Excluding Infrastructure - Private Commercial,
2010,"Jan ",All New Work,
2010,"Jan ",Repair & Maintenance - Housing - Private,
2010,"Jan ",Repair & Maintenance - Housing - Public,
2010,"Jan ",Repair & Maintenance - Housing - Total,
2010,"Jan ",Repair and Maintenance - Non Housing R&M,
2010,"Jan ",All Repair and Maintenance,
2010,"Jan ",All Work,
2010,"Feb ",New Housing - Public,23.5
2010,"Feb ",New Housing - Private,12.1
2010,"Feb ",Total Housing,14.7
2010,"Feb ",Other New Work - Infrastructure,2.9
2010,"Feb ",Other New Work - Excluding Infrastructure - Public,2.9
2010,"Feb ",Other New Work - Excluding Infrastructure - Private Industrial,-0.9
2010,"Feb ",Other New Work - Excluding Infrastructure - Private Commercial,4.8
2010,"Feb ",All New Work,6
2010,"Feb ",Repair & Maintenance - Housing - Private,-3
2010,"Feb ",Repair & Maintenance - Housing - Public,3.9
2010,"Feb ",Repair & Maintenance - Housing - Total,1.3
2010,"Feb ",Repair and Maintenance - Non Housing R&M,2.1
2010,"Feb ",All Repair and Maintenance,1.7
2010,"Feb ",All Work,4.4
2010,Mar,New Housing - Public,-4.2
2010,Mar,New Housing - Private,3.4
2010,Mar,Total Housing,1.5
2010,Mar,Other New Work - Infrastructure,3.1
2010,Mar,Other New Work - Excluding Infrastructure - Public,7.2
2010,Mar,Other New Work - Excluding Infrastructure - Private Industrial,5.1
2010,Mar,Other New Work - Excluding Infrastructure - Private Commercial,-2.6
2010,Mar,All New Work,1.7
2010,Mar,Repair & Maintenance - Housing - Private,-6.6
2010,Mar,Repair & Maintenance - Housing - Public,-2.3
2010,Mar,Repair & Maintenance - Housing - Total,-3.8
2010,Mar,Repair and Maintenance - Non Housing R&M,0.7
2010,Mar,All Repair and Maintenance,-1.7
2010,Mar,All Work,0.5
2010,Apr,New Housing - Public,3.1
2010,Apr,New Housing - Private,2.2
2010,Apr,Total Housing,2.4
2010,Apr,Other New Work - Infrastructure,-1.9
2010,Apr,Other New Work - Excluding Infrastructure - Public,-0.5
2010,Apr,Other New Work - Excluding Infrastructure - Private Industrial,-4.3
2010,Apr,Other New Work - Excluding Infrastructure - Private Commercial,-0.3
2010,Apr,All New Work,-0.2
2010,Apr,Repair & Maintenance - Housing - Private,5.2
2010,Apr,Repair & Maintenance - Housing - Public,4.2
2010,Apr,Repair & Maintenance - Housing - Total,4.6
2010,Apr,Repair and Maintenance - Non Housing R&M,3.9
2010,Apr,All Repair and Maintenance,4.2
2010,Apr,All Work,1.4
2010,May,New Housing - Public,1.8
2010,May,New Housing - Private,4.2
2010,May,Total Housing,3.6
2010,May,Other New Work - Infrastructure,2.6
2010,May,Other New Work - Excluding Infrastructure - Public,-1
2010,May,Other New Work - Excluding Infrastructure - Private Industrial,-4.1
2010,May,Other New Work - Excluding Infrastructure - Private Commercial,3.8
2010,May,All New Work,2.2
2010,May,Repair & Maintenance - Housing - Private,2.7
2010,May,Repair & Maintenance - Housing - Public,3.9
2010,May,Repair & Maintenance - Housing - Total,3.5
2010,May,Repair and Maintenance - Non Housing R&M,-0.4
2010,May,All Repair and Maintenance,1.7
2010,May,All Work,2
2010,June,New Housing - Public,-7.5
2010,June,New Housing - Private,-4
2010,June,Total Housing,-4.8
2010,June,Other New Work - Infrastructure,0.6
2010,June,Other New Work - Excluding Infrastructure - Public,-0.4
2010,June,Other New Work - Excluding Infrastructure - Private Industrial,24.7
2010,June,Other New Work - Excluding Infrastructure - Private Commercial,-0.1
2010,June,All New Work,-0.2
2010,June,Repair & Maintenance - Housing - Private,4.1
2010,June,Repair & Maintenance - Housing - Public,0
2010,June,Repair & Maintenance - Housing - Total,1.4
2010,June,Repair and Maintenance - Non Housing R&M,5.8
2010,June,All Repair and Maintenance,3.4
2010,June,All Work,1.1
2010,"July ",New Housing - Public,14.9
2010,"July ",New Housing - Private,5
2010,"July ",Total Housing,7.2
2010,"July ",Other New Work - Infrastructure,-7.4
2010,"July ",Other New Work - Excluding Infrastructure - Public,-2.5
2010,"July ",Other New Work - Excluding Infrastructure - Private Industrial,-1.4
2010,"July ",Other New Work - Excluding Infrastructure - Private Commercial,2.9
2010,"July ",All New Work,0.6
2010,"July ",Repair & Maintenance - Housing - Private,-5.2
2010,"July ",Repair & Maintenance - Housing - Public,2.3
2010,"July ",Repair & Maintenance - Housing - Total,-0.4
2010,"July ",Repair and Maintenance - Non Housing R&M,-9.4
2010,"July ",All Repair and Maintenance,-4.6
2010,"July ",All Work,-1.3
2010,Aug,New Housing - Public,4.3
2010,Aug,New Housing - Private,5.6
2010,Aug,Total Housing,5.2
2010,Aug,Other New Work - Infrastructure,1.4
2010,Aug,Other New Work - Excluding Infrastructure - Public,0.2
2010,Aug,Other New Work - Excluding Infrastructure - Private Industrial,15.5
2010,Aug,Other New Work - Excluding Infrastructure - Private Commercial,4.8
2010,Aug,All New Work,4
2010,Aug,Repair & Maintenance - Housing - Private,-1.8
2010,Aug,Repair & Maintenance - Housing - Public,2.8
2010,Aug,Repair & Maintenance - Housing - Total,1.2
2010,Aug,Repair and Maintenance - Non Housing R&M,5.8
2010,Aug,All Repair and Maintenance,3.3
2010,Aug,All Work,3.8
2010,Sep,New Housing - Public,-2.9
2010,Sep,New Housing - Private,0.4
2010,Sep,Total Housing,-0.4
2010,Sep,Other New Work - Infrastructure,-4.4
2010,Sep,Other New Work - Excluding Infrastructure - Public,-1
2010,Sep,Other New Work - Excluding Infrastructure - Private Industrial,-17.6
2010,Sep,Other New Work - Excluding Infrastructure - Private Commercial,-5.8
2010,Sep,All New Work,-4
2010,Sep,Repair & Maintenance - Housing - Private,-0.4
2010,Sep,Repair & Maintenance - Housing - Public,2.9
2010,Sep,Repair & Maintenance - Housing - Total,1.9
2010,Sep,Repair and Maintenance - Non Housing R&M,0.7
2010,Sep,All Repair and Maintenance,1.3
2010,Sep,All Work,-2.1
2010,Oct,New Housing - Public,0.6
2010,Oct,New Housing - Private,0.9
2010,Oct,Total Housing,0.8
2010,Oct,Other New Work - Infrastructure,-5.3
2010,Oct,Other New Work - Excluding Infrastructure - Public,9.6
2010,Oct,Other New Work - Excluding Infrastructure - Private Industrial,-15.9
2010,Oct,Other New Work - Excluding Infrastructure - Private Commercial,-3.2
2010,Oct,All New Work,-0.8
2010,Oct,Repair & Maintenance - Housing - Private,-0.5
2010,Oct,Repair & Maintenance - Housing - Public,-4.2
2010,Oct,Repair & Maintenance - Housing - Total,-3
2010,Oct,Repair and Maintenance - Non Housing R&M,0.6
2010,Oct,All Repair and Maintenance,-1.4
2010,Oct,All Work,-1
2010,"Nov ",New Housing - Public,0
2010,"Nov ",New Housing - Private,-1.3
2010,"Nov ",Total Housing,-1
2010,"Nov ",Other New Work - Infrastructure,-1
2010,"Nov ",Other New Work - Excluding Infrastructure - Public,-4.2
2010,"Nov ",Other New Work - Excluding Infrastructure - Private Industrial,8.7
2010,"Nov ",Other New Work - Excluding Infrastructure - Private Commercial,2.2
2010,"Nov ",All New Work,-0.3
2010,"Nov ",Repair & Maintenance - Housing - Private,-1.6
2010,"Nov ",Repair & Maintenance - Housing - Public,-0.6
2010,"Nov ",Repair & Maintenance - Housing - Total,-0.9
2010,"Nov ",Repair and Maintenance - Non Housing R&M,-1.4
2010,"Nov ",All Repair and Maintenance,-1.1
2010,"Nov ",All Work,-0.6
2010,"Dec ",New Housing - Public,-8
2010,"Dec ",New Housing - Private,-8.1
2010,"Dec ",Total Housing,-8.1
2010,"Dec ",Other New Work - Infrastructure,-8.5
2010,"Dec ",Other New Work - Excluding Infrastructure - Public,-2
2010,"Dec ",Other New Work - Excluding Infrastructure - Private Industrial,-6.6
2010,"Dec ",Other New Work - Excluding Infrastructure - Private Commercial,-3.7
2010,"Dec ",All New Work,-5.5
2010,"Dec ",Repair & Maintenance - Housing - Private,0.7
2010,"Dec ",Repair & Maintenance - Housing - Public,0
2010,"Dec ",Repair & Maintenance - Housing - Total,0.3
2010,"Dec ",Repair and Maintenance - Non Housing R&M,1.1
2010,"Dec ",All Repair and Maintenance,0.6
2010,"Dec ",All Work,-3.3
2011,"Jan ",New Housing - Public,11.2
2011,"Jan ",New Housing - Private,7.3
2011,"Jan ",Total Housing,8.3
2011,"Jan ",Other New Work - Infrastructure,20.1
2011,"Jan ",Other New Work - Excluding Infrastructure - Public,1.3
2011,"Jan ",Other New Work - Excluding Infrastructure - Private Industrial,2.8
2011,"Jan ",Other New Work - Excluding Infrastructure - Private Commercial,-0.4
2011,"Jan ",All New Work,5.8
2011,"Jan ",Repair & Maintenance - Housing - Private,-11.6
2011,"Jan ",Repair & Maintenance - Housing - Public,-0.3
2011,"Jan ",Repair & Maintenance - Housing - Total,-4
2011,"Jan ",Repair and Maintenance - Non Housing R&M,2.4
2011,"Jan ",All Repair and Maintenance,-1
2011,"Jan ",All Work,3.2
2011,"Feb ",New Housing - Public,-0.8
2011,"Feb ",New Housing - Private,2.8
2011,"Feb ",Total Housing,1.9
2011,"Feb ",Other New Work - Infrastructure,-0.1
2011,"Feb ",Other New Work - Excluding Infrastructure - Public,4.7
2011,"Feb ",Other New Work - Excluding Infrastructure - Private Industrial,-1.6
2011,"Feb ",Other New Work - Excluding Infrastructure - Private Commercial,-0.3
2011,"Feb ",All New Work,1.3
2011,"Feb ",Repair & Maintenance - Housing - Private,11.4
2011,"Feb ",Repair & Maintenance - Housing - Public,-3.8
2011,"Feb ",Repair & Maintenance - Housing - Total,0.8
2011,"Feb ",Repair and Maintenance - Non Housing R&M,-1.8
2011,"Feb ",All Repair and Maintenance,-0.5
2011,"Feb ",All Work,0.6
2011,Mar,New Housing - Public,2
2011,Mar,New Housing - Private,-0.5
2011,Mar,Total Housing,0.1
2011,Mar,Other New Work - Infrastructure,1.2
2011,Mar,Other New Work - Excluding Infrastructure - Public,-4.1
2011,Mar,Other New Work - Excluding Infrastructure - Private Industrial,-1.1
2011,Mar,Other New Work - Excluding Infrastructure - Private Commercial,2.8
2011,Mar,All New Work,0.2
2011,Mar,Repair & Maintenance - Housing - Private,1.3
2011,Mar,Repair & Maintenance - Housing - Public,1
2011,Mar,Repair & Maintenance - Housing - Total,1.1
2011,Mar,Repair and Maintenance - Non Housing R&M,1.9
2011,Mar,All Repair and Maintenance,1.5
2011,Mar,All Work,0.7
2011,"Apr ",New Housing - Public,-2.9
2011,"Apr ",New Housing - Private,-0.8
2011,"Apr ",Total Housing,-1.3
2011,"Apr ",Other New Work - Infrastructure,5.3
2011,"Apr ",Other New Work - Excluding Infrastructure - Public,-4.5
2011,"Apr ",Other New Work - Excluding Infrastructure - Private Industrial,0.6
2011,"Apr ",Other New Work - Excluding Infrastructure - Private Commercial,2
2011,"Apr ",All New Work,0.4
2011,"Apr ",Repair & Maintenance - Housing - Private,-3.3
2011,"Apr ",Repair & Maintenance - Housing - Public,4.5
2011,"Apr ",Repair & Maintenance - Housing - Total,1.9
2011,"Apr ",Repair and Maintenance - Non Housing R&M,-0.8
2011,"Apr ",All Repair and Maintenance,0.6
2011,"Apr ",All Work,0.5
2011,May,New Housing - Public,-0.9
2011,May,New Housing - Private,-0.4
2011,May,Total Housing,-0.5
2011,May,Other New Work - Infrastructure,1.4
2011,May,Other New Work - Excluding Infrastructure - Public,-2.7
2011,May,Other New Work - Excluding Infrastructure - Private Industrial,0.9
2011,May,Other New Work - Excluding Infrastructure - Private Commercial,-1.7
2011,May,All New Work,-0.8
2011,May,Repair & Maintenance - Housing - Private,-3.3
2011,May,Repair & Maintenance - Housing - Public,-6
2011,May,Repair & Maintenance - Housing - Total,-5.2
2011,May,Repair and Maintenance - Non Housing R&M,-0.6
2011,May,All Repair and Maintenance,-3
2011,May,All Work,-1.6
2011,"June ",New Housing - Public,-5.7
2011,"June ",New Housing - Private,4.6
2011,"June ",Total Housing,2.2
2011,"June ",Other New Work - Infrastructure,1.2
2011,"June ",Other New Work - Excluding Infrastructure - Public,-1.2
2011,"June ",Other New Work - Excluding Infrastructure - Private Industrial,7.3
2011,"June ",Other New Work - Excluding Infrastructure - Private Commercial,5.1
2011,"June ",All New Work,2.5
2011,"June ",Repair & Maintenance - Housing - Private,2.7
2011,"June ",Repair & Maintenance - Housing - Public,-0.1
2011,"June ",Repair & Maintenance - Housing - Total,0.8
2011,"June ",Repair and Maintenance - Non Housing R&M,-1.9
2011,"June ",All Repair and Maintenance,-0.5
2011,"June ",All Work,1.4
2011,"July ",New Housing - Public,-7.5
2011,"July ",New Housing - Private,0.7
2011,"July ",Total Housing,-1
2011,"July ",Other New Work - Infrastructure,-3.9
2011,"July ",Other New Work - Excluding Infrastructure - Public,-3
2011,"July ",Other New Work - Excluding Infrastructure - Private Industrial,-12.2
2011,"July ",Other New Work - Excluding Infrastructure - Private Commercial,-2.5
2011,"July ",All New Work,-2.9
2011,"July ",Repair & Maintenance - Housing - Private,-3
2011,"July ",Repair & Maintenance - Housing - Public,0.2
2011,"July ",Repair & Maintenance - Housing - Total,-0.9
2011,"July ",Repair and Maintenance - Non Housing R&M,4.5
2011,"July ",All Repair and Maintenance,1.7
2011,"July ",All Work,-1.3
2011,"Aug ",New Housing - Public,3.8
2011,"Aug ",New Housing - Private,-2.7
2011,"Aug ",Total Housing,-1.4
2011,"Aug ",Other New Work - Infrastructure,-5
2011,"Aug ",Other New Work - Excluding Infrastructure - Public,-5.2
2011,"Aug ",Other New Work - Excluding Infrastructure - Private Industrial,3
2011,"Aug ",Other New Work - Excluding Infrastructure - Private Commercial,-0.5
2011,"Aug ",All New Work,-2.3
2011,"Aug ",Repair & Maintenance - Housing - Private,-0.2
2011,"Aug ",Repair & Maintenance - Housing - Public,-2
2011,"Aug ",Repair & Maintenance - Housing - Total,-1.4
2011,"Aug ",Repair and Maintenance - Non Housing R&M,0.2
2011,"Aug ",All Repair and Maintenance,-0.6
2011,"Aug ",All Work,-1.7
2011,Sep,New Housing - Public,6.8
2011,Sep,New Housing - Private,-2.4
2011,Sep,Total Housing,-0.4
2011,Sep,Other New Work - Infrastructure,0.2
2011,Sep,Other New Work - Excluding Infrastructure - Public,-0.2
2011,Sep,Other New Work - Excluding Infrastructure - Private Industrial,-2.9
2011,Sep,Other New Work - Excluding Infrastructure - Private Commercial,2.1
2011,Sep,All New Work,0.4
2011,Sep,Repair & Maintenance - Housing - Private,-2.2
2011,Sep,Repair & Maintenance - Housing - Public,3
2011,Sep,Repair & Maintenance - Housing - Total,1.3
2011,Sep,Repair and Maintenance - Non Housing R&M,-0.3
2011,Sep,All Repair and Maintenance,0.5
2011,Sep,All Work,0.4
2011,"Oct ",New Housing - Public,-7.8
2011,"Oct ",New Housing - Private,-1.6
2011,"Oct ",Total Housing,-3
2011,"Oct ",Other New Work - Infrastructure,-5.6
2011,"Oct ",Other New Work - Excluding Infrastructure - Public,-8
2011,"Oct ",Other New Work - Excluding Infrastructure - Private Industrial,5.7
2011,"Oct ",Other New Work - Excluding Infrastructure - Private Commercial,-0.7
2011,"Oct ",All New Work,-3.2
2011,"Oct ",Repair & Maintenance - Housing - Private,1.5
2011,"Oct ",Repair & Maintenance - Housing - Public,4.9
2011,"Oct ",Repair & Maintenance - Housing - Total,3.8
2011,"Oct ",Repair and Maintenance - Non Housing R&M,-1.5
2011,"Oct ",All Repair and Maintenance,1.2
2011,"Oct ",All Work,-1.6
2011,Nov,New Housing - Public,3.1
2011,Nov,New Housing - Private,1
2011,Nov,Total Housing,1.4
2011,Nov,Other New Work - Infrastructure,6.7
2011,Nov,Other New Work - Excluding Infrastructure - Public,1.3
2011,Nov,Other New Work - Excluding Infrastructure - Private Industrial,1.1
2011,Nov,Other New Work - Excluding Infrastructure - Private Commercial,1.7
2011,Nov,All New Work,2.5
2011,Nov,Repair & Maintenance - Housing - Private,0.4
2011,Nov,Repair & Maintenance - Housing - Public,-1.7
2011,Nov,Repair & Maintenance - Housing - Total,-1
2011,Nov,Repair and Maintenance - Non Housing R&M,1.5
2011,Nov,All Repair and Maintenance,0.1
2011,Nov,All Work,1.6
2011,Dec,New Housing - Public,-5.4
2011,Dec,New Housing - Private,1.7
2011,Dec,Total Housing,0.1
2011,Dec,Other New Work - Infrastructure,11.5
2011,Dec,Other New Work - Excluding Infrastructure - Public,11.7
2011,Dec,Other New Work - Excluding Infrastructure - Private Industrial,-8.7
2011,Dec,Other New Work - Excluding Infrastructure - Private Commercial,0
2011,Dec,All New Work,3.7
2011,Dec,Repair & Maintenance - Housing - Private,2.2
2011,Dec,Repair & Maintenance - Housing - Public,-0.4
2011,Dec,Repair & Maintenance - Housing - Total,0.4
2011,Dec,Repair and Maintenance - Non Housing R&M,6.3
2011,Dec,All Repair and Maintenance,3.3
2011,Dec,All Work,3.5
2012,"Jan ",New Housing - Public,9.5
2012,"Jan ",New Housing - Private,0.8
2012,"Jan ",Total Housing,2.6
2012,"Jan ",Other New Work - Infrastructure,-12.2
2012,"Jan ",Other New Work - Excluding Infrastructure - Public,-9.3
2012,"Jan ",Other New Work - Excluding Infrastructure - Private Industrial,9.3
2012,"Jan ",Other New Work - Excluding Infrastructure - Private Commercial,-8.5
2012,"Jan ",All New Work,-5.8
2012,"Jan ",Repair & Maintenance - Housing - Private,-1.6
2012,"Jan ",Repair & Maintenance - Housing - Public,-4.2
2012,"Jan ",Repair & Maintenance - Housing - Total,-3.4
2012,"Jan ",Repair and Maintenance - Non Housing R&M,-5.9
2012,"Jan ",All Repair and Maintenance,-4.6
2012,"Jan ",All Work,-5.3
2012,"Feb ",New Housing - Public,-11.6
2012,"Feb ",New Housing - Private,-2.8
2012,"Feb ",Total Housing,-4.8
2012,"Feb ",Other New Work - Infrastructure,-9.3
2012,"Feb ",Other New Work - Excluding Infrastructure - Public,-3.9
2012,"Feb ",Other New Work - Excluding Infrastructure - Private Industrial,-1.1
2012,"Feb ",Other New Work - Excluding Infrastructure - Private Commercial,-6.9
2012,"Feb ",All New Work,-6
2012,"Feb ",Repair & Maintenance - Housing - Private,1.1
2012,"Feb ",Repair & Maintenance - Housing - Public,2.2
2012,"Feb ",Repair & Maintenance - Housing - Total,1.8
2012,"Feb ",Repair and Maintenance - Non Housing R&M,2.2
2012,"Feb ",All Repair and Maintenance,2
2012,"Feb ",All Work,-3
2012,Mar,New Housing - Public,-4.6
2012,Mar,New Housing - Private,5.3
2012,Mar,Total Housing,3.3
2012,Mar,Other New Work - Infrastructure,-1.8
2012,Mar,Other New Work - Excluding Infrastructure - Public,0.4
2012,Mar,Other New Work - Excluding Infrastructure - Private Industrial,0.4
2012,Mar,Other New Work - Excluding Infrastructure - Private Commercial,7.2
2012,Mar,All New Work,2.9
2012,Mar,Repair & Maintenance - Housing - Private,-0.8
2012,Mar,Repair & Maintenance - Housing - Public,-0.6
2012,Mar,Repair & Maintenance - Housing - Total,-0.7
2012,Mar,Repair and Maintenance - Non Housing R&M,-1.4
2012,Mar,All Repair and Maintenance,-1
2012,Mar,All Work,1.4
2012,"Apr ",New Housing - Public,2.4
2012,"Apr ",New Housing - Private,-7.6
2012,"Apr ",Total Housing,-5.7
2012,"Apr ",Other New Work - Infrastructure,-0.2
2012,"Apr ",Other New Work - Excluding Infrastructure - Public,-0.8
2012,"Apr ",Other New Work - Excluding Infrastructure - Private Industrial,2.2
2012,"Apr ",Other New Work - Excluding Infrastructure - Private Commercial,0.1
2012,"Apr ",All New Work,-1.7
2012,"Apr ",Repair & Maintenance - Housing - Private,-0.2
2012,"Apr ",Repair & Maintenance - Housing - Public,-2.3
2012,"Apr ",Repair & Maintenance - Housing - Total,-1.6
2012,"Apr ",Repair and Maintenance - Non Housing R&M,-1
2012,"Apr ",All Repair and Maintenance,-1.3
2012,"Apr ",All Work,-1.5
2012,May,New Housing - Public,-5.2
2012,May,New Housing - Private,2.2
2012,May,Total Housing,0.6
2012,May,Other New Work - Infrastructure,-2.8
2012,May,Other New Work - Excluding Infrastructure - Public,-1.4
2012,May,Other New Work - Excluding Infrastructure - Private Industrial,4.1
2012,May,Other New Work - Excluding Infrastructure - Private Commercial,1.2
2012,May,All New Work,0.1
2012,May,Repair & Maintenance - Housing - Private,7.1
2012,May,Repair & Maintenance - Housing - Public,1.7
2012,May,Repair & Maintenance - Housing - Total,3.4
2012,May,Repair and Maintenance - Non Housing R&M,2.2
2012,May,All Repair and Maintenance,2.8
2012,May,All Work,1.1
2012,"June ",New Housing - Public,-10.5
2012,"June ",New Housing - Private,-3
2012,"June ",Total Housing,-4.5
2012,"June ",Other New Work - Infrastructure,2.4
2012,"June ",Other New Work - Excluding Infrastructure - Public,-9.4
2012,"June ",Other New Work - Excluding Infrastructure - Private Industrial,-6.8
2012,"June ",Other New Work - Excluding Infrastructure - Private Commercial,-3.9
2012,"June ",All New Work,-4
2012,"June ",Repair & Maintenance - Housing - Private,-3.9
2012,"June ",Repair & Maintenance - Housing - Public,-8.8
2012,"June ",Repair & Maintenance - Housing - Total,-7.2
2012,"June ",Repair and Maintenance - Non Housing R&M,-2.5
2012,"June ",All Repair and Maintenance,-4.9
2012,"June ",All Work,-4.3
2012,"July ",New Housing - Public,13.5
2012,"July ",New Housing - Private,-1.9
2012,"July ",Total Housing,0.9
2012,"July ",Other New Work - Infrastructure,-2.9
2012,"July ",Other New Work - Excluding Infrastructure - Public,0.8
2012,"July ",Other New Work - Excluding Infrastructure - Private Industrial,8.6
2012,"July ",Other New Work - Excluding Infrastructure - Private Commercial,-6.4
2012,"July ",All New Work,-1.8
2012,"July ",Repair & Maintenance - Housing - Private,3.7
2012,"July ",Repair & Maintenance - Housing - Public,10.6
2012,"July ",Repair & Maintenance - Housing - Total,8.2
2012,"July ",Repair and Maintenance - Non Housing R&M,1.2
2012,"July ",All Repair and Maintenance,4.7
2012,"July ",All Work,0.7
2012,"Aug ",New Housing - Public,-2.4
2012,"Aug ",New Housing - Private,-2
2012,"Aug ",Total Housing,-2.1
2012,"Aug ",Other New Work - Infrastructure,16.1
2012,"Aug ",Other New Work - Excluding Infrastructure - Public,-0.4
2012,"Aug ",Other New Work - Excluding Infrastructure - Private Industrial,-6.6
2012,"Aug ",Other New Work - Excluding Infrastructure - Private Commercial,-0.1
2012,"Aug ",All New Work,2
2012,"Aug ",Repair & Maintenance - Housing - Private,-1.6
2012,"Aug ",Repair & Maintenance - Housing - Public,-8.4
2012,"Aug ",Repair & Maintenance - Housing - Total,-6.1
2012,"Aug ",Repair and Maintenance - Non Housing R&M,-3.5
2012,"Aug ",All Repair and Maintenance,-4.9
2012,"Aug ",All Work,-0.8
2012,Sep,New Housing - Public,-0.4
2012,Sep,New Housing - Private,5.1
2012,Sep,Total Housing,4
2012,Sep,Other New Work - Infrastructure,-2.9
2012,Sep,Other New Work - Excluding Infrastructure - Public,0
2012,Sep,Other New Work - Excluding Infrastructure - Private Industrial,7.9
2012,Sep,Other New Work - Excluding Infrastructure - Private Commercial,-1.3
2012,Sep,All New Work,0.5
2012,Sep,Repair & Maintenance - Housing - Private,2
2012,Sep,Repair & Maintenance - Housing - Public,-2.4
2012,Sep,Repair & Maintenance - Housing - Total,-0.9
2012,Sep,Repair and Maintenance - Non Housing R&M,1
2012,Sep,All Repair and Maintenance,0.1
2012,Sep,All Work,0.3
2012,"Oct ",New Housing - Public,0.1
2012,"Oct ",New Housing - Private,-0.3
2012,"Oct ",Total Housing,-0.3
2012,"Oct ",Other New Work - Infrastructure,1.3
2012,"Oct ",Other New Work - Excluding Infrastructure - Public,-0.9
2012,"Oct ",Other New Work - Excluding Infrastructure - Private Industrial,2.7
2012,"Oct ",Other New Work - Excluding Infrastructure - Private Commercial,2.8
2012,"Oct ",All New Work,1.1
2012,"Oct ",Repair & Maintenance - Housing - Private,-0.9
2012,"Oct ",Repair & Maintenance - Housing - Public,1.4
2012,"Oct ",Repair & Maintenance - Housing - Total,0.6
2012,"Oct ",Repair and Maintenance - Non Housing R&M,-0.6
2012,"Oct ",All Repair and Maintenance,0
2012,"Oct ",All Work,0.7
2012,Nov,New Housing - Public,-0.2
2012,Nov,New Housing - Private,1.6
2012,Nov,Total Housing,1.3
2012,Nov,Other New Work - Infrastructure,-0.9
2012,Nov,Other New Work - Excluding Infrastructure - Public,-2.3
2012,Nov,Other New Work - Excluding Infrastructure - Private Industrial,-1.1
2012,Nov,Other New Work - Excluding Infrastructure - Private Commercial,0.9
2012,Nov,All New Work,0
2012,Nov,Repair & Maintenance - Housing - Private,0.8
2012,Nov,Repair & Maintenance - Housing - Public,1.2
2012,Nov,Repair & Maintenance - Housing - Total,1.1
2012,Nov,Repair and Maintenance - Non Housing R&M,4.8
2012,Nov,All Repair and Maintenance,2.9
2012,Nov,All Work,1.1
2012,Dec,New Housing - Public,3.8
2012,Dec,New Housing - Private,-2.1
2012,Dec,Total Housing,-0.9
2012,Dec,Other New Work - Infrastructure,-3.4
2012,Dec,Other New Work - Excluding Infrastructure - Public,-4
2012,Dec,Other New Work - Excluding Infrastructure - Private Industrial,5.1
2012,Dec,Other New Work - Excluding Infrastructure - Private Commercial,0.2
2012,Dec,All New Work,-1.2
2012,Dec,Repair & Maintenance - Housing - Private,-2.6
2012,Dec,Repair & Maintenance - Housing - Public,2
2012,Dec,Repair & Maintenance - Housing - Total,0.4
2012,Dec,Repair and Maintenance - Non Housing R&M,-3.7
2012,Dec,All Repair and Maintenance,-1.7
2012,Dec,All Work,-1.4
2013,"Jan ",New Housing - Public,-1.8
2013,"Jan ",New Housing - Private,-1.9
2013,"Jan ",Total Housing,-1.9
2013,"Jan ",Other New Work - Infrastructure,-1.8
2013,"Jan ",Other New Work - Excluding Infrastructure - Public,-5.3
2013,"Jan ",Other New Work - Excluding Infrastructure - Private Industrial,-5.7
2013,"Jan ",Other New Work - Excluding Infrastructure - Private Commercial,0.3
2013,"Jan ",All New Work,-1.8
2013,"Jan ",Repair & Maintenance - Housing - Private,-3.5
2013,"Jan ",Repair & Maintenance - Housing - Public,-0.8
2013,"Jan ",Repair & Maintenance - Housing - Total,-1.8
2013,"Jan ",Repair and Maintenance - Non Housing R&M,-0.5
2013,"Jan ",All Repair and Maintenance,-1.2
2013,"Jan ",All Work,-1.6
2013,"Feb ",New Housing - Public,0.9
2013,"Feb ",New Housing - Private,8.3
2013,"Feb ",Total Housing,6.8
2013,"Feb ",Other New Work - Infrastructure,0.8
2013,"Feb ",Other New Work - Excluding Infrastructure - Public,8.9
2013,"Feb ",Other New Work - Excluding Infrastructure - Private Industrial,-0.8
2013,"Feb ",Other New Work - Excluding Infrastructure - Private Commercial,-0.4
2013,"Feb ",All New Work,3.1
2013,"Feb ",Repair & Maintenance - Housing - Private,2.9
2013,"Feb ",Repair & Maintenance - Housing - Public,1.9
2013,"Feb ",Repair & Maintenance - Housing - Total,2.2
2013,"Feb ",Repair and Maintenance - Non Housing R&M,3.1
2013,"Feb ",All Repair and Maintenance,2.7
2013,"Feb ",All Work,2.9
2013,Mar,New Housing - Public,0.7
2013,Mar,New Housing - Private,-3.1
2013,Mar,Total Housing,-2.4
2013,Mar,Other New Work - Infrastructure,1
2013,Mar,Other New Work - Excluding Infrastructure - Public,0.7
2013,Mar,Other New Work - Excluding Infrastructure - Private Industrial,-6.3
2013,Mar,Other New Work - Excluding Infrastructure - Private Commercial,1.2
2013,Mar,All New Work,-0.4
2013,Mar,Repair & Maintenance - Housing - Private,-2.3
2013,Mar,Repair & Maintenance - Housing - Public,0.7
2013,Mar,Repair & Maintenance - Housing - Total,-0.3
2013,Mar,Repair and Maintenance - Non Housing R&M,0.9
2013,Mar,All Repair and Maintenance,0.3
2013,Mar,All Work,-0.1
2013,"Apr ",New Housing - Public,-0.4
2013,"Apr ",New Housing - Private,1.5
2013,"Apr ",Total Housing,1.1
2013,"Apr ",Other New Work - Infrastructure,-2.7
2013,"Apr ",Other New Work - Excluding Infrastructure - Public,-1
2013,"Apr ",Other New Work - Excluding Infrastructure - Private Industrial,-8.3
2013,"Apr ",Other New Work - Excluding Infrastructure - Private Commercial,-2.5
2013,"Apr ",All New Work,-1.6
2013,"Apr ",Repair & Maintenance - Housing - Private,2
2013,"Apr ",Repair & Maintenance - Housing - Public,0.5
2013,"Apr ",Repair & Maintenance - Housing - Total,1
2013,"Apr ",Repair and Maintenance - Non Housing R&M,-5.8
2013,"Apr ",All Repair and Maintenance,-2.4
2013,"Apr ",All Work,-1.9
2013,May,New Housing - Public,4.2
2013,May,New Housing - Private,4.2
2013,May,Total Housing,4.2
2013,May,Other New Work - Infrastructure,-0.3
2013,May,Other New Work - Excluding Infrastructure - Public,3.4
2013,May,Other New Work - Excluding Infrastructure - Private Industrial,-1.4
2013,May,Other New Work - Excluding Infrastructure - Private Commercial,2.5
2013,May,All New Work,2.4
2013,May,Repair & Maintenance - Housing - Private,-4.1
2013,May,Repair & Maintenance - Housing - Public,2.3
2013,May,Repair & Maintenance - Housing - Total,0.2
2013,May,Repair and Maintenance - Non Housing R&M,6.8
2013,May,All Repair and Maintenance,3.3
2013,May,All Work,2.8
2013,"June ",New Housing - Public,-0.1
2013,"June ",New Housing - Private,5.2
2013,"June ",Total Housing,4.2
2013,"June ",Other New Work - Infrastructure,6.8
2013,"June ",Other New Work - Excluding Infrastructure - Public,-3.2
2013,"June ",Other New Work - Excluding Infrastructure - Private Industrial,2.9
2013,"June ",Other New Work - Excluding Infrastructure - Private Commercial,0.3
2013,"June ",All New Work,2.3
2013,"June ",Repair & Maintenance - Housing - Private,-2.2
2013,"June ",Repair & Maintenance - Housing - Public,0.9
2013,"June ",Repair & Maintenance - Housing - Total,-0.1
2013,"June ",Repair and Maintenance - Non Housing R&M,0.9
2013,"June ",All Repair and Maintenance,0.4
2013,"June ",All Work,1.6
2013,"July ",New Housing - Public,0.4
2013,"July ",New Housing - Private,-2.5
2013,"July ",Total Housing,-2
2013,"July ",Other New Work - Infrastructure,-3.9
2013,"July ",Other New Work - Excluding Infrastructure - Public,-0.5
2013,"July ",Other New Work - Excluding Infrastructure - Private Industrial,-3.3
2013,"July ",Other New Work - Excluding Infrastructure - Private Commercial,1.9
2013,"July ",All New Work,-1
2013,"July ",Repair & Maintenance - Housing - Private,-2.3
2013,"July ",Repair & Maintenance - Housing - Public,0
2013,"July ",Repair & Maintenance - Housing - Total,-0.8
2013,"July ",Repair and Maintenance - Non Housing R&M,-0.5
2013,"July ",All Repair and Maintenance,-0.6
2013,"July ",All Work,-0.9
2013,"Aug ",New Housing - Public,2.1
2013,"Aug ",New Housing - Private,3
2013,"Aug ",Total Housing,2.8
2013,"Aug ",Other New Work - Infrastructure,2.4
2013,"Aug ",Other New Work - Excluding Infrastructure - Public,-0.8
2013,"Aug ",Other New Work - Excluding Infrastructure - Private Industrial,10.7
2013,"Aug ",Other New Work - Excluding Infrastructure - Private Commercial,2.8
2013,"Aug ",All New Work,2.6
2013,"Aug ",Repair & Maintenance - Housing - Private,8.4
2013,"Aug ",Repair & Maintenance - Housing - Public,1.6
2013,"Aug ",Repair & Maintenance - Housing - Total,3.7
2013,"Aug ",Repair and Maintenance - Non Housing R&M,5.2
2013,"Aug ",All Repair and Maintenance,4.5
2013,"Aug ",All Work,3.3
2013,Sep,New Housing - Public,-1.2
2013,Sep,New Housing - Private,-0.2
2013,Sep,Total Housing,-0.4
2013,Sep,Other New Work - Infrastructure,-6.5
2013,Sep,Other New Work - Excluding Infrastructure - Public,5.7
2013,Sep,Other New Work - Excluding Infrastructure - Private Industrial,-14.7
2013,Sep,Other New Work - Excluding Infrastructure - Private Commercial,3.5
2013,Sep,All New Work,-0.2
2013,Sep,Repair & Maintenance - Housing - Private,-3.1
2013,Sep,Repair & Maintenance - Housing - Public,0.6
2013,Sep,Repair & Maintenance - Housing - Total,-0.6
2013,Sep,Repair and Maintenance - Non Housing R&M,-3.3
2013,Sep,All Repair and Maintenance,-1.9
2013,Sep,All Work,-0.9
2013,"Oct ",New Housing - Public,14
2013,"Oct ",New Housing - Private,3.2
2013,"Oct ",Total Housing,5.2
2013,"Oct ",Other New Work - Infrastructure,11.8
2013,"Oct ",Other New Work - Excluding Infrastructure - Public,-6.9
2013,"Oct ",Other New Work - Excluding Infrastructure - Private Industrial,7.7
2013,"Oct ",Other New Work - Excluding Infrastructure - Private Commercial,-2.7
2013,"Oct ",All New Work,2.2
2013,"Oct ",Repair & Maintenance - Housing - Private,3.1
2013,"Oct ",Repair & Maintenance - Housing - Public,-0.7
2013,"Oct ",Repair & Maintenance - Housing - Total,0.5
2013,"Oct ",Repair and Maintenance - Non Housing R&M,2.8
2013,"Oct ",All Repair and Maintenance,1.6
2013,"Oct ",All Work,2
2013,Nov,New Housing - Public,-0.2
2013,Nov,New Housing - Private,-0.4
2013,Nov,Total Housing,-0.4
2013,Nov,Other New Work - Infrastructure,-2.6
2013,Nov,Other New Work - Excluding Infrastructure - Public,-0.5
2013,Nov,Other New Work - Excluding Infrastructure - Private Industrial,-0.6
2013,Nov,Other New Work - Excluding Infrastructure - Private Commercial,-3.1
2013,Nov,All New Work,-1.7
2013,Nov,Repair & Maintenance - Housing - Private,-1.6
2013,Nov,Repair & Maintenance - Housing - Public,1.1
2013,Nov,Repair & Maintenance - Housing - Total,0.2
2013,Nov,Repair and Maintenance - Non Housing R&M,-1.7
2013,Nov,All Repair and Maintenance,-0.7
2013,Nov,All Work,-1.3
2013,Dec,New Housing - Public,-2.4
2013,Dec,New Housing - Private,6.3
2013,Dec,Total Housing,4.5
2013,Dec,Other New Work - Infrastructure,-0.2
2013,Dec,Other New Work - Excluding Infrastructure - Public,-0.1
2013,Dec,Other New Work - Excluding Infrastructure - Private Industrial,6.1
2013,Dec,Other New Work - Excluding Infrastructure - Private Commercial,-1.6
2013,Dec,All New Work,1.2
2013,Dec,Repair & Maintenance - Housing - Private,0.4
2013,Dec,Repair & Maintenance - Housing - Public,-3
2013,Dec,Repair & Maintenance - Housing - Total,-1.9
2013,Dec,Repair and Maintenance - Non Housing R&M,0.5
2013,Dec,All Repair and Maintenance,-0.7
2013,Dec,All Work,0.4
2014,"Jan ",New Housing - Public,10.7
2014,"Jan ",New Housing - Private,8.9
2014,"Jan ",Total Housing,9.3
2014,"Jan ",Other New Work - Infrastructure,-2.2
2014,"Jan ",Other New Work - Excluding Infrastructure - Public,-3.1
2014,"Jan ",Other New Work - Excluding Infrastructure - Private Industrial,-2.5
2014,"Jan ",Other New Work - Excluding Infrastructure - Private Commercial,3.5
2014,"Jan ",All New Work,3.2
2014,"Jan ",Repair & Maintenance - Housing - Private,5.3
2014,"Jan ",Repair & Maintenance - Housing - Public,6.9
2014,"Jan ",Repair & Maintenance - Housing - Total,6.4
2014,"Jan ",Repair and Maintenance - Non Housing R&M,1.6
2014,"Jan ",All Repair and Maintenance,4
2014,"Jan ",All Work,3.5
2014,"Feb ",New Housing - Public,2
2014,"Feb ",New Housing - Private,-4.4
2014,"Feb ",Total Housing,-3.1
2014,"Feb ",Other New Work - Infrastructure,-1.6
2014,"Feb ",Other New Work - Excluding Infrastructure - Public,2.4
2014,"Feb ",Other New Work - Excluding Infrastructure - Private Industrial,13.1
2014,"Feb ",Other New Work - Excluding Infrastructure - Private Commercial,1
2014,"Feb ",All New Work,-0.2
2014,"Feb ",Repair & Maintenance - Housing - Private,-5.5
2014,"Feb ",Repair & Maintenance - Housing - Public,2.8
2014,"Feb ",Repair & Maintenance - Housing - Total,0.1
2014,"Feb ",Repair and Maintenance - Non Housing R&M,-1.4
2014,"Feb ",All Repair and Maintenance,-0.6
2014,"Feb ",All Work,-0.4
2014,Mar,New Housing - Public,0.6
2014,Mar,New Housing - Private,1.1
2014,Mar,Total Housing,1
2014,Mar,Other New Work - Infrastructure,-3
2014,Mar,Other New Work - Excluding Infrastructure - Public,2.9
2014,Mar,Other New Work - Excluding Infrastructure - Private Industrial,5.5
2014,Mar,Other New Work - Excluding Infrastructure - Private Commercial,3.3
2014,Mar,All New Work,1.4
2014,Mar,Repair & Maintenance - Housing - Private,-0.3
2014,Mar,Repair & Maintenance - Housing - Public,-0.8
2014,Mar,Repair & Maintenance - Housing - Total,-0.6
2014,Mar,Repair and Maintenance - Non Housing R&M,-2.1
2014,Mar,All Repair and Maintenance,-1.4
2014,Mar,All Work,0.4
2014,"Apr ",New Housing - Public,0.5
2014,"Apr ",New Housing - Private,5.6
2014,"Apr ",Total Housing,4.6
2014,"Apr ",Other New Work - Infrastructure,-0.4
2014,"Apr ",Other New Work - Excluding Infrastructure - Public,4.5
2014,"Apr ",Other New Work - Excluding Infrastructure - Private Industrial,5.3
2014,"Apr ",Other New Work - Excluding Infrastructure - Private Commercial,0.6
2014,"Apr ",All New Work,2.5
2014,"Apr ",Repair & Maintenance - Housing - Private,3.7
2014,"Apr ",Repair & Maintenance - Housing - Public,2
2014,"Apr ",Repair & Maintenance - Housing - Total,2.5
2014,"Apr ",Repair and Maintenance - Non Housing R&M,6.7
2014,"Apr ",All Repair and Maintenance,4.6
2014,"Apr ",All Work,3.3
2014,May,New Housing - Public,9.8
2014,May,New Housing - Private,0.3
2014,May,Total Housing,2.2
2014,May,Other New Work - Infrastructure,1.6
2014,May,Other New Work - Excluding Infrastructure - Public,-5.6
2014,May,Other New Work - Excluding Infrastructure - Private Industrial,-1.1
2014,May,Other New Work - Excluding Infrastructure - Private Commercial,-2.3
2014,May,All New Work,-0.5
2014,May,Repair & Maintenance - Housing - Private,-1.9
2014,May,Repair & Maintenance - Housing - Public,-3.1
2014,May,Repair & Maintenance - Housing - Total,-2.8
2014,May,Repair and Maintenance - Non Housing R&M,-0.8
2014,May,All Repair and Maintenance,-1.8
2014,May,All Work,-1
2014,"June ",New Housing - Public,2.3
2014,"June ",New Housing - Private,0.8
2014,"June ",Total Housing,1.1
2014,"June ",Other New Work - Infrastructure,-1.9
2014,"June ",Other New Work - Excluding Infrastructure - Public,3.2
2014,"June ",Other New Work - Excluding Infrastructure - Private Industrial,2.1
2014,"June ",Other New Work - Excluding Infrastructure - Private Commercial,1.5
2014,"June ",All New Work,1
2014,"June ",Repair & Maintenance - Housing - Private,2.5
2014,"June ",Repair & Maintenance - Housing - Public,-2.1
2014,"June ",Repair & Maintenance - Housing - Total,-0.6
2014,"June ",Repair and Maintenance - Non Housing R&M,3.8
2014,"June ",All Repair and Maintenance,1.6
2014,"June ",All Work,1.3
2014,"July ",New Housing - Public,-4
2014,"July ",New Housing - Private,3.8
2014,"July ",Total Housing,2.1
2014,"July ",Other New Work - Infrastructure,1.2
2014,"July ",Other New Work - Excluding Infrastructure - Public,-2.4
2014,"July ",Other New Work - Excluding Infrastructure - Private Industrial,-3.2
2014,"July ",Other New Work - Excluding Infrastructure - Private Commercial,-0.5
2014,"July ",All New Work,0.3
2014,"July ",Repair & Maintenance - Housing - Private,-0.5
2014,"July ",Repair & Maintenance - Housing - Public,2
2014,"July ",Repair & Maintenance - Housing - Total,1.2
2014,"July ",Repair and Maintenance - Non Housing R&M,-3.3
2014,"July ",All Repair and Maintenance,-1.1
2014,"July ",All Work,-0.2
2014,"Aug ",New Housing - Public,4.7
2014,"Aug ",New Housing - Private,0.5
2014,"Aug ",Total Housing,1.4
2014,"Aug ",Other New Work - Infrastructure,0.7
2014,"Aug ",Other New Work - Excluding Infrastructure - Public,3.6
2014,"Aug ",Other New Work - Excluding Infrastructure - Private Industrial,-0.3
2014,"Aug ",Other New Work - Excluding Infrastructure - Private Commercial,-1
2014,"Aug ",All New Work,0.7
2014,"Aug ",Repair & Maintenance - Housing - Private,2.3
2014,"Aug ",Repair & Maintenance - Housing - Public,5
2014,"Aug ",Repair & Maintenance - Housing - Total,4.2
2014,"Aug ",Repair and Maintenance - Non Housing R&M,3.3
2014,"Aug ",All Repair and Maintenance,3.8
2014,"Aug ",All Work,1.9
2014,Sep,New Housing - Public,-2
2014,Sep,New Housing - Private,0.7
2014,Sep,Total Housing,0.2
2014,Sep,Other New Work - Infrastructure,2.7
2014,Sep,Other New Work - Excluding Infrastructure - Public,-0.2
2014,Sep,Other New Work - Excluding Infrastructure - Private Industrial,-0.6
2014,Sep,Other New Work - Excluding Infrastructure - Private Commercial,1.7
2014,Sep,All New Work,1
2014,Sep,Repair & Maintenance - Housing - Private,-1.7
2014,Sep,Repair & Maintenance - Housing - Public,-4.7
2014,Sep,Repair & Maintenance - Housing - Total,-3.7
2014,Sep,Repair and Maintenance - Non Housing R&M,-0.4
2014,Sep,All Repair and Maintenance,-2.1
2014,Sep,All Work,-0.2
2014,Oct,New Housing - Public,-0.4
2014,Oct,New Housing - Private,-0.9
2014,Oct,Total Housing,-0.8
2014,Oct,Other New Work - Infrastructure,0.9
2014,Oct,Other New Work - Excluding Infrastructure - Public,3.8
2014,Oct,Other New Work - Excluding Infrastructure - Private Industrial,-4.6
2014,Oct,Other New Work - Excluding Infrastructure - Private Commercial,-0.7
2014,Oct,All New Work,-0.1
2014,Oct,Repair & Maintenance - Housing - Private,-1.8
2014,Oct,Repair & Maintenance - Housing - Public,-0.3
2014,Oct,Repair & Maintenance - Housing - Total,-0.7
2014,Oct,Repair and Maintenance - Non Housing R&M,-2.5
2014,Oct,All Repair and Maintenance,-1.6
2014,Oct,All Work,-0.7
2014,Nov,New Housing - Public,-4.3
2014,Nov,New Housing - Private,2.3
2014,Nov,Total Housing,0.9
2014,Nov,Other New Work - Infrastructure,4.8
2014,Nov,Other New Work - Excluding Infrastructure - Public,-2.2
2014,Nov,Other New Work - Excluding Infrastructure - Private Industrial,3.3
2014,Nov,Other New Work - Excluding Infrastructure - Private Commercial,3.3
2014,Nov,All New Work,2
2014,Nov,Repair & Maintenance - Housing - Private,4
2014,Nov,Repair & Maintenance - Housing - Public,-1.1
2014,Nov,Repair & Maintenance - Housing - Total,0.5
2014,Nov,Repair and Maintenance - Non Housing R&M,2.1
2014,Nov,All Repair and Maintenance,1.3
2014,Nov,All Work,1.7
2014,Dec,New Housing - Public,0.8
2014,Dec,New Housing - Private,-1.3
2014,Dec,Total Housing,-0.9
2014,Dec,Other New Work - Infrastructure,-0.8
2014,Dec,Other New Work - Excluding Infrastructure - Public,-1.1
2014,Dec,Other New Work - Excluding Infrastructure - Private Industrial,-2
2014,Dec,Other New Work - Excluding Infrastructure - Private Commercial,1.2
2014,Dec,All New Work,-0.3
2014,Dec,Repair & Maintenance - Housing - Private,-4
2014,Dec,Repair & Maintenance - Housing - Public,-0.2
2014,Dec,Repair & Maintenance - Housing - Total,-1.4
2014,Dec,Repair and Maintenance - Non Housing R&M,-2.6
2014,Dec,All Repair and Maintenance,-2
2014,Dec,All Work,-1
2015,"Jan ",New Housing - Public,-2.2
2015,"Jan ",New Housing - Private,4.1
2015,"Jan ",Total Housing,2.9
2015,"Jan ",Other New Work - Infrastructure,11.1
2015,"Jan ",Other New Work - Excluding Infrastructure - Public,-6.9
2015,"Jan ",Other New Work - Excluding Infrastructure - Private Industrial,10.3
2015,"Jan ",Other New Work - Excluding Infrastructure - Private Commercial,-0.8
2015,"Jan ",All New Work,2.3
2015,"Jan ",Repair & Maintenance - Housing - Private,3
2015,"Jan ",Repair & Maintenance - Housing - Public,-0.5
2015,"Jan ",Repair & Maintenance - Housing - Total,0.6
2015,"Jan ",Repair and Maintenance - Non Housing R&M,1
2015,"Jan ",All Repair and Maintenance,0.8
2015,"Jan ",All Work,1.8
2015,"Feb ",New Housing - Public,0.3
2015,"Feb ",New Housing - Private,-2
2015,"Feb ",Total Housing,-1.5
2015,"Feb ",Other New Work - Infrastructure,-3
2015,"Feb ",Other New Work - Excluding Infrastructure - Public,8.2
2015,"Feb ",Other New Work - Excluding Infrastructure - Private Industrial,2.2
2015,"Feb ",Other New Work - Excluding Infrastructure - Private Commercial,0.5
2015,"Feb ",All New Work,0
2015,"Feb ",Repair & Maintenance - Housing - Private,-1.6
2015,"Feb ",Repair & Maintenance - Housing - Public,-1.6
2015,"Feb ",Repair & Maintenance - Housing - Total,-1.6
2015,"Feb ",Repair and Maintenance - Non Housing R&M,-3.2
2015,"Feb ",All Repair and Maintenance,-2.4
2015,"Feb ",All Work,-0.9
2015,Mar,New Housing - Public,-4.2
2015,Mar,New Housing - Private,0.6
2015,Mar,Total Housing,-0.3
2015,Mar,Other New Work - Infrastructure,7.1
2015,Mar,Other New Work - Excluding Infrastructure - Public,-3.7
2015,Mar,Other New Work - Excluding Infrastructure - Private Industrial,-2.4
2015,Mar,Other New Work - Excluding Infrastructure - Private Commercial,-5.6
2015,Mar,All New Work,-1
2015,Mar,Repair & Maintenance - Housing - Private,3.1
2015,Mar,Repair & Maintenance - Housing - Public,8.9
2015,Mar,Repair & Maintenance - Housing - Total,7
2015,Mar,Repair and Maintenance - Non Housing R&M,2.8
2015,Mar,All Repair and Maintenance,4.9
2015,Mar,All Work,1.1
2015,"Apr ",New Housing - Public,5.1
2015,"Apr ",New Housing - Private,5.6
2015,"Apr ",Total Housing,5.5
2015,"Apr ",Other New Work - Infrastructure,2.3
2015,"Apr ",Other New Work - Excluding Infrastructure - Public,1
2015,"Apr ",Other New Work - Excluding Infrastructure - Private Industrial,2.2
2015,"Apr ",Other New Work - Excluding Infrastructure - Private Commercial,2.6
2015,"Apr ",All New Work,3.4
2015,"Apr ",Repair & Maintenance - Housing - Private,-4.3
2015,"Apr ",Repair & Maintenance - Housing - Public,-2.2
2015,"Apr ",Repair & Maintenance - Housing - Total,-2.9
2015,"Apr ",Repair and Maintenance - Non Housing R&M,-3.3
2015,"Apr ",All Repair and Maintenance,-3.1
2015,"Apr ",All Work,1
2015,May,New Housing - Public,-11.4
2015,May,New Housing - Private,0.5
2015,May,Total Housing,-1.6
2015,May,Other New Work - Infrastructure,-4
2015,May,Other New Work - Excluding Infrastructure - Public,-0.1
2015,May,Other New Work - Excluding Infrastructure - Private Industrial,-0.2
2015,May,Other New Work - Excluding Infrastructure - Private Commercial,0.4
2015,May,All New Work,-1.3
2015,May,Repair & Maintenance - Housing - Private,3.8
2015,May,Repair & Maintenance - Housing - Public,1.2
2015,May,Repair & Maintenance - Housing - Total,2
2015,May,Repair and Maintenance - Non Housing R&M,-1.7
2015,May,All Repair and Maintenance,0.2
2015,May,All Work,-0.7
2015,"June ",New Housing - Public,-5.4
2015,"June ",New Housing - Private,-4.6
2015,"June ",Total Housing,-4.8
2015,"June ",Other New Work - Infrastructure,-2
2015,"June ",Other New Work - Excluding Infrastructure - Public,3.8
2015,"June ",Other New Work - Excluding Infrastructure - Private Industrial,-0.5
2015,"June ",Other New Work - Excluding Infrastructure - Private Commercial,4.5
2015,"June ",All New Work,-0.4
2015,"June ",Repair & Maintenance - Housing - Private,-1
2015,"June ",Repair & Maintenance - Housing - Public,0.5
2015,"June ",Repair & Maintenance - Housing - Total,0.1
2015,"June ",Repair and Maintenance - Non Housing R&M,-1.5
2015,"June ",All Repair and Maintenance,-0.7
2015,"June ",All Work,-0.5
2015,"July ",New Housing - Public,-5.2
2015,"July ",New Housing - Private,-0.9
2015,"July ",Total Housing,-1.6
2015,"July ",Other New Work - Infrastructure,3.5
2015,"July ",Other New Work - Excluding Infrastructure - Public,-2.8
2015,"July ",Other New Work - Excluding Infrastructure - Private Industrial,8
2015,"July ",Other New Work - Excluding Infrastructure - Private Commercial,-3.1
2015,"July ",All New Work,-0.7
2015,"July ",Repair & Maintenance - Housing - Private,-0.8
2015,"July ",Repair & Maintenance - Housing - Public,-0.2
2015,"July ",Repair & Maintenance - Housing - Total,-0.4
2015,"July ",Repair and Maintenance - Non Housing R&M,3.1
2015,"July ",All Repair and Maintenance,1.2
2015,"July ",All Work,0
2015,"Aug ",New Housing - Public,-7.9
2015,"Aug ",New Housing - Private,0
2015,"Aug ",Total Housing,-1.2
2015,"Aug ",Other New Work - Infrastructure,-1.4
2015,"Aug ",Other New Work - Excluding Infrastructure - Public,-1.8
2015,"Aug ",Other New Work - Excluding Infrastructure - Private Industrial,-1.3
2015,"Aug ",Other New Work - Excluding Infrastructure - Private Commercial,-0.4
2015,"Aug ",All New Work,-1.1
2015,"Aug ",Repair & Maintenance - Housing - Private,0.3
2015,"Aug ",Repair & Maintenance - Housing - Public,-0.6
2015,"Aug ",Repair & Maintenance - Housing - Total,-0.3
2015,"Aug ",Repair and Maintenance - Non Housing R&M,-3.5
2015,"Aug ",All Repair and Maintenance,-1.8
2015,"Aug ",All Work,-1.4
2015,Sep,New Housing - Public,1.6
2015,Sep,New Housing - Private,0
2015,Sep,Total Housing,0.2
2015,Sep,Other New Work - Infrastructure,-2.6
2015,Sep,Other New Work - Excluding Infrastructure - Public,3.9
2015,Sep,Other New Work - Excluding Infrastructure - Private Industrial,-2.4
2015,Sep,Other New Work - Excluding Infrastructure - Private Commercial,-2.4
2015,Sep,All New Work,-0.8
2015,Sep,Repair & Maintenance - Housing - Private,2.7
2015,Sep,Repair & Maintenance - Housing - Public,1.9
2015,Sep,Repair & Maintenance - Housing - Total,2.2
2015,Sep,Repair and Maintenance - Non Housing R&M,2
2015,Sep,All Repair and Maintenance,2.1
2015,Sep,All Work,0.2
2015,Oct,New Housing - Public,-0.3
2015,Oct,New Housing - Private,3
2015,Oct,Total Housing,2.5
2015,Oct,Other New Work - Infrastructure,0.4
2015,Oct,Other New Work - Excluding Infrastructure - Public,-1.4
2015,Oct,Other New Work - Excluding Infrastructure - Private Industrial,-2.1
2015,Oct,Other New Work - Excluding Infrastructure - Private Commercial,6.1
2015,Oct,All New Work,2.4
2015,Oct,Repair & Maintenance - Housing - Private,-3.6
2015,Oct,Repair & Maintenance - Housing - Public,0.9
2015,Oct,Repair & Maintenance - Housing - Total,-0.5
2015,Oct,Repair and Maintenance - Non Housing R&M,0.5
2015,Oct,All Repair and Maintenance,0
2015,Oct,All Work,1.5
2015,Nov,New Housing - Public,-3.4
2015,Nov,New Housing - Private,-2.1
2015,Nov,Total Housing,-2.3
2015,Nov,Other New Work - Infrastructure,-3.1
2015,Nov,Other New Work - Excluding Infrastructure - Public,1.4
2015,Nov,Other New Work - Excluding Infrastructure - Private Industrial,1.7
2015,Nov,Other New Work - Excluding Infrastructure - Private Commercial,0
2015,Nov,All New Work,-1.1
2015,Nov,Repair & Maintenance - Housing - Private,-1.6
2015,Nov,Repair & Maintenance - Housing - Public,-0.8
2015,Nov,Repair & Maintenance - Housing - Total,-1.1
2015,Nov,Repair and Maintenance - Non Housing R&M,1.3
2015,Nov,All Repair and Maintenance,0
2015,Nov,All Work,-0.7
2015,Dec,New Housing - Public,6.9
2015,Dec,New Housing - Private,10.7
2015,Dec,Total Housing,10.1
2015,Dec,Other New Work - Infrastructure,13.7
2015,Dec,Other New Work - Excluding Infrastructure - Public,0.8
2015,Dec,Other New Work - Excluding Infrastructure - Private Industrial,-4.5
2015,Dec,Other New Work - Excluding Infrastructure - Private Commercial,-1
2015,Dec,All New Work,5.5
2015,Dec,Repair & Maintenance - Housing - Private,0.8
2015,Dec,Repair & Maintenance - Housing - Public,-1.9
2015,Dec,Repair & Maintenance - Housing - Total,-1.1
2015,Dec,Repair and Maintenance - Non Housing R&M,1
2015,Dec,All Repair and Maintenance,-0.1
2015,Dec,All Work,3.5
2016,"Jan ",New Housing - Public,11.4
2016,"Jan ",New Housing - Private,-2.1
2016,"Jan ",Total Housing,-0.2
2016,"Jan ",Other New Work - Infrastructure,-11.4
2016,"Jan ",Other New Work - Excluding Infrastructure - Public,-2.2
2016,"Jan ",Other New Work - Excluding Infrastructure - Private Industrial,-6.1
2016,"Jan ",Other New Work - Excluding Infrastructure - Private Commercial,5.8
2016,"Jan ",All New Work,-1.3
2016,"Jan ",Repair & Maintenance - Housing - Private,0.9
2016,"Jan ",Repair & Maintenance - Housing - Public,3.4
2016,"Jan ",Repair & Maintenance - Housing - Total,2.6
2016,"Jan ",Repair and Maintenance - Non Housing R&M,-1.9
2016,"Jan ",All Repair and Maintenance,0.4
2016,"Jan ",All Work,-0.7
2016,"Feb ",New Housing - Public,-7.4
2016,"Feb ",New Housing - Private,3.8
2016,"Feb ",Total Housing,2.1
2016,"Feb ",Other New Work - Infrastructure,1.3
2016,"Feb ",Other New Work - Excluding Infrastructure - Public,-1.1
2016,"Feb ",Other New Work - Excluding Infrastructure - Private Industrial,-7.3
2016,"Feb ",Other New Work - Excluding Infrastructure - Private Commercial,-2.8
2016,"Feb ",All New Work,-0.4
2016,"Feb ",Repair & Maintenance - Housing - Private,1.7
2016,"Feb ",Repair & Maintenance - Housing - Public,-0.7
2016,"Feb ",Repair & Maintenance - Housing - Total,0
2016,"Feb ",Repair and Maintenance - Non Housing R&M,1.8
2016,"Feb ",All Repair and Maintenance,0.9
2016,"Feb ",All Work,0.1
2016,Mar,New Housing - Public,3.1
2016,Mar,New Housing - Private,2.5
2016,Mar,Total Housing,2.6
2016,Mar,Other New Work - Infrastructure,0.1
2016,Mar,Other New Work - Excluding Infrastructure - Public,-1.1
2016,Mar,Other New Work - Excluding Infrastructure - Private Industrial,16.2
2016,Mar,Other New Work - Excluding Infrastructure - Private Commercial,-0.8
2016,Mar,All New Work,1.3
2016,Mar,Repair & Maintenance - Housing - Private,-1.4
2016,Mar,Repair & Maintenance - Housing - Public,1.1
2016,Mar,Repair & Maintenance - Housing - Total,0.3
2016,Mar,Repair and Maintenance - Non Housing R&M,-3.9
2016,Mar,All Repair and Maintenance,-1.7
2016,Mar,All Work,0.2
2016,"Apr ",New Housing - Public,-8.1
2016,"Apr ",New Housing - Private,0.8
2016,"Apr ",Total Housing,-0.4
2016,"Apr ",Other New Work - Infrastructure,-2.3
2016,"Apr ",Other New Work - Excluding Infrastructure - Public,10.1
2016,"Apr ",Other New Work - Excluding Infrastructure - Private Industrial,-1.7
2016,"Apr ",Other New Work - Excluding Infrastructure - Private Commercial,1.7
2016,"Apr ",All New Work,1
2016,"Apr ",Repair & Maintenance - Housing - Private,0
2016,"Apr ",Repair & Maintenance - Housing - Public,1.8
2016,"Apr ",Repair & Maintenance - Housing - Total,1.2
2016,"Apr ",Repair and Maintenance - Non Housing R&M,3
2016,"Apr ",All Repair and Maintenance,2.1
2016,"Apr ",All Work,1.4
2016,May,New Housing - Public,5.3
2016,May,New Housing - Private,-1.8
2016,May,Total Housing,-0.9
2016,May,Other New Work - Infrastructure,0.5
2016,May,Other New Work - Excluding Infrastructure - Public,0
2016,May,Other New Work - Excluding Infrastructure - Private Industrial,8.3
2016,May,Other New Work - Excluding Infrastructure - Private Commercial,1.6
2016,May,All New Work,0.6
2016,May,Repair & Maintenance - Housing - Private,-2.4
2016,May,Repair & Maintenance - Housing - Public,-2.6
2016,May,Repair & Maintenance - Housing - Total,-2.6
2016,May,Repair and Maintenance - Non Housing R&M,1.3
2016,May,All Repair and Maintenance,-0.7
2016,May,All Work,0.1
2016,"June ",New Housing - Public,2.1
2016,"June ",New Housing - Private,-0.4
2016,"June ",Total Housing,0
2016,"June ",Other New Work - Infrastructure,-0.8
2016,"June ",Other New Work - Excluding Infrastructure - Public,-1.8
2016,"June ",Other New Work - Excluding Infrastructure - Private Industrial,-11.6
2016,"June ",Other New Work - Excluding Infrastructure - Private Commercial,1
2016,"June ",All New Work,-0.7
2016,"June ",Repair & Maintenance - Housing - Private,-2.9
2016,"June ",Repair & Maintenance - Housing - Public,1.5
2016,"June ",Repair & Maintenance - Housing - Total,0.2
2016,"June ",Repair and Maintenance - Non Housing R&M,0.4
2016,"June ",All Repair and Maintenance,0.3
2016,"June ",All Work,-0.3
2016,"July ",New Housing - Public,-1.7
2016,"July ",New Housing - Private,1
2016,"July ",Total Housing,0.6
2016,"July ",Other New Work - Infrastructure,5.6
2016,"July ",Other New Work - Excluding Infrastructure - Public,0
2016,"July ",Other New Work - Excluding Infrastructure - Private Industrial,-2.2
2016,"July ",Other New Work - Excluding Infrastructure - Private Commercial,0.2
2016,"July ",All New Work,1.1
2016,"July ",Repair & Maintenance - Housing - Private,-1.7
2016,"July ",Repair & Maintenance - Housing - Public,0.6
2016,"July ",Repair & Maintenance - Housing - Total,-0.1
2016,"July ",Repair and Maintenance - Non Housing R&M,-1.6
2016,"July ",All Repair and Maintenance,-0.8
2016,"July ",All Work,0.5
2016,"Aug ",New Housing - Public,1.2
2016,"Aug ",New Housing - Private,-0.2
2016,"Aug ",Total Housing,0
2016,"Aug ",Other New Work - Infrastructure,1.1
2016,"Aug ",Other New Work - Excluding Infrastructure - Public,-1.2
2016,"Aug ",Other New Work - Excluding Infrastructure - Private Industrial,-0.3
2016,"Aug ",Other New Work - Excluding Infrastructure - Private Commercial,0.2
2016,"Aug ",All New Work,0.1
2016,"Aug ",Repair & Maintenance - Housing - Private,-3.2
2016,"Aug ",Repair & Maintenance - Housing - Public,-1.2
2016,"Aug ",Repair & Maintenance - Housing - Total,-1.8
2016,"Aug ",Repair and Maintenance - Non Housing R&M,0.2
2016,"Aug ",All Repair and Maintenance,-0.8
2016,"Aug ",All Work,-0.2
2016,Sep,New Housing - Public,-1.7
2016,Sep,New Housing - Private,0.7
2016,Sep,Total Housing,0.4
2016,Sep,Other New Work - Infrastructure,1.5
2016,Sep,Other New Work - Excluding Infrastructure - Public,-1.9
2016,Sep,Other New Work - Excluding Infrastructure - Private Industrial,1.8
2016,Sep,Other New Work - Excluding Infrastructure - Private Commercial,0.8
2016,Sep,All New Work,0.5
2016,Sep,Repair & Maintenance - Housing - Private,2.1
2016,Sep,Repair & Maintenance - Housing - Public,4
2016,Sep,Repair & Maintenance - Housing - Total,3.4
2016,Sep,Repair and Maintenance - Non Housing R&M,-1.7
2016,Sep,All Repair and Maintenance,0.9
2016,Sep,All Work,0.6
2016,Oct,New Housing - Public,1.8
2016,Oct,New Housing - Private,-0.3
2016,Oct,Total Housing,0
2016,Oct,Other New Work - Infrastructure,-2.5
2016,Oct,Other New Work - Excluding Infrastructure - Public,-1.6
2016,Oct,Other New Work - Excluding Infrastructure - Private Industrial,1.2
2016,Oct,Other New Work - Excluding Infrastructure - Private Commercial,-0.7
2016,Oct,All New Work,-0.8
2016,Oct,Repair & Maintenance - Housing - Private,0.5
2016,Oct,Repair & Maintenance - Housing - Public,-4.6
2016,Oct,Repair & Maintenance - Housing - Total,-3.2
2016,Oct,Repair and Maintenance - Non Housing R&M,3.9
2016,Oct,All Repair and Maintenance,0.2
2016,Oct,All Work,-0.5
2016,Nov,New Housing - Public,1.2
2016,Nov,New Housing - Private,-1.2
2016,Nov,Total Housing,-0.8
2016,Nov,Other New Work - Infrastructure,3.7
2016,Nov,Other New Work - Excluding Infrastructure - Public,4.5
2016,Nov,Other New Work - Excluding Infrastructure - Private Industrial,1.6
2016,Nov,Other New Work - Excluding Infrastructure - Private Commercial,-1.2
2016,Nov,All New Work,0.6
2016,Nov,Repair & Maintenance - Housing - Private,-0.6
2016,Nov,Repair & Maintenance - Housing - Public,5.6
2016,Nov,Repair & Maintenance - Housing - Total,3.8
2016,Nov,Repair and Maintenance - Non Housing R&M,-2.5
2016,Nov,All Repair and Maintenance,0.7
2016,Nov,All Work,0.6
2016,Dec,New Housing - Public,6.4
2016,Dec,New Housing - Private,7.1
2016,Dec,Total Housing,7
2016,Dec,Other New Work - Infrastructure,1.1
2016,Dec,Other New Work - Excluding Infrastructure - Public,0.9
2016,Dec,Other New Work - Excluding Infrastructure - Private Industrial,0
2016,Dec,Other New Work - Excluding Infrastructure - Private Commercial,3.9
2016,Dec,All New Work,3.9
2016,Dec,Repair & Maintenance - Housing - Private,4.2
2016,Dec,Repair & Maintenance - Housing - Public,3.1
2016,Dec,Repair & Maintenance - Housing - Total,3.4
2016,Dec,Repair and Maintenance - Non Housing R&M,1.6
2016,Dec,All Repair and Maintenance,2.5
2016,Dec,All Work,3.4
2017,"Jan ",New Housing - Public,7.2
2017,"Jan ",New Housing - Private,-1.3
2017,"Jan ",Total Housing,-0.1
2017,"Jan ",Other New Work - Infrastructure,9
2017,"Jan ",Other New Work - Excluding Infrastructure - Public,-0.3
2017,"Jan ",Other New Work - Excluding Infrastructure - Private Industrial,-4.8
2017,"Jan ",Other New Work - Excluding Infrastructure - Private Commercial,2.5
2017,"Jan ",All New Work,2.1
2017,"Jan ",Repair & Maintenance - Housing - Private,-5.8
2017,"Jan ",Repair & Maintenance - Housing - Public,-0.5
2017,"Jan ",Repair & Maintenance - Housing - Total,-2
2017,"Jan ",Repair and Maintenance - Non Housing R&M,1
2017,"Jan ",All Repair and Maintenance,-0.6
2017,"Jan ",All Work,1.2
2017,"Feb ",New Housing - Public,-0.6
2017,"Feb ",New Housing - Private,0.8
2017,"Feb ",Total Housing,0.5
2017,"Feb ",Other New Work - Infrastructure,-7.2
2017,"Feb ",Other New Work - Excluding Infrastructure - Public,-0.9
2017,"Feb ",Other New Work - Excluding Infrastructure - Private Industrial,-0.7
2017,"Feb ",Other New Work - Excluding Infrastructure - Private Commercial,3.4
2017,"Feb ",All New Work,-0.4
2017,"Feb ",Repair & Maintenance - Housing - Private,3.7
2017,"Feb ",Repair & Maintenance - Housing - Public,-1.4
2017,"Feb ",Repair & Maintenance - Housing - Total,-0.1
2017,"Feb ",Repair and Maintenance - Non Housing R&M,2.6
2017,"Feb ",All Repair and Maintenance,1.2
2017,"Feb ",All Work,0.2
2017,Mar,New Housing - Public,2.5
2017,Mar,New Housing - Private,1.2
2017,Mar,Total Housing,1.4
2017,Mar,Other New Work - Infrastructure,3.2
2017,Mar,Other New Work - Excluding Infrastructure - Public,0.9
2017,Mar,Other New Work - Excluding Infrastructure - Private Industrial,-2.2
2017,Mar,Other New Work - Excluding Infrastructure - Private Commercial,-1
2017,Mar,All New Work,0.8
2017,Mar,Repair & Maintenance - Housing - Private,1.4
2017,Mar,Repair & Maintenance - Housing - Public,0.3
2017,Mar,Repair & Maintenance - Housing - Total,0.6
2017,Mar,Repair and Maintenance - Non Housing R&M,-1.4
2017,Mar,All Repair and Maintenance,-0.4
2017,Mar,All Work,0.4
2017,"Apr ",New Housing - Public,-2.4
2017,"Apr ",New Housing - Private,-1.4
2017,"Apr ",Total Housing,-1.5
2017,"Apr ",Other New Work - Infrastructure,2
2017,"Apr ",Other New Work - Excluding Infrastructure - Public,-0.4
2017,"Apr ",Other New Work - Excluding Infrastructure - Private Industrial,4.6
2017,"Apr ",Other New Work - Excluding Infrastructure - Private Commercial,0.1
2017,"Apr ",All New Work,0
2017,"Apr ",Repair & Maintenance - Housing - Private,-0.2
2017,"Apr ",Repair & Maintenance - Housing - Public,2.8
2017,"Apr ",Repair & Maintenance - Housing - Total,2
2017,"Apr ",Repair and Maintenance - Non Housing R&M,1.7
2017,"Apr ",All Repair and Maintenance,1.9
2017,"Apr ",All Work,0.6
2017,May,New Housing - Public,9
2017,May,New Housing - Private,-1.6
2017,May,Total Housing,0
2017,May,Other New Work - Infrastructure,-1.8
2017,May,Other New Work - Excluding Infrastructure - Public,-1.3
2017,May,Other New Work - Excluding Infrastructure - Private Industrial,-6.1
2017,May,Other New Work - Excluding Infrastructure - Private Commercial,-0.7
2017,May,All New Work,-0.9
2017,May,Repair & Maintenance - Housing - Private,-2.1
2017,May,Repair & Maintenance - Housing - Public,-0.8
2017,May,Repair & Maintenance - Housing - Total,-1.1
2017,May,Repair and Maintenance - Non Housing R&M,-1.6
2017,May,All Repair and Maintenance,-1.3
2017,May,All Work,-1.1
2017,"June ",New Housing - Public,-10.5
2017,"June ",New Housing - Private,4.2
2017,"June ",Total Housing,1.8
2017,"June ",Other New Work - Infrastructure,2.3
2017,"June ",Other New Work - Excluding Infrastructure - Public,-2.9
2017,"June ",Other New Work - Excluding Infrastructure - Private Industrial,14
2017,"June ",Other New Work - Excluding Infrastructure - Private Commercial,-1.4
2017,"June ",All New Work,0.9
2017,"June ",Repair & Maintenance - Housing - Private,2.8
2017,"June ",Repair & Maintenance - Housing - Public,-2
2017,"June ",Repair & Maintenance - Housing - Total,-0.7
2017,"June ",Repair and Maintenance - Non Housing R&M,-0.1
2017,"June ",All Repair and Maintenance,-0.4
2017,"June ",All Work,0.4
2017,"July ",New Housing - Public,4.3
2017,"July ",New Housing - Private,-3
2017,"July ",Total Housing,-1.9
2017,"July ",Other New Work - Infrastructure,-0.6
2017,"July ",Other New Work - Excluding Infrastructure - Public,-9.6
2017,"July ",Other New Work - Excluding Infrastructure - Private Industrial,0.8
2017,"July ",Other New Work - Excluding Infrastructure - Private Commercial,-0.7
2017,"July ",All New Work,-2
2017,"July ",Repair & Maintenance - Housing - Private,-1.5
2017,"July ",Repair & Maintenance - Housing - Public,1.7
2017,"July ",Repair & Maintenance - Housing - Total,0.8
2017,"July ",Repair and Maintenance - Non Housing R&M,1.4
2017,"July ",All Repair and Maintenance,1.1
2017,"July ",All Work,-0.9
2017,"Aug ",New Housing - Public,-0.2
2017,"Aug ",New Housing - Private,3.6
2017,"Aug ",Total Housing,3.1
2017,"Aug ",Other New Work - Infrastructure,1.4
2017,"Aug ",Other New Work - Excluding Infrastructure - Public,10.1
2017,"Aug ",Other New Work - Excluding Infrastructure - Private Industrial,1.3
2017,"Aug ",Other New Work - Excluding Infrastructure - Private Commercial,2
2017,"Aug ",All New Work,3
2017,"Aug ",Repair & Maintenance - Housing - Private,-0.6
2017,"Aug ",Repair & Maintenance - Housing - Public,1.7
2017,"Aug ",Repair & Maintenance - Housing - Total,1.1
2017,"Aug ",Repair and Maintenance - Non Housing R&M,-1.9
2017,"Aug ",All Repair and Maintenance,-0.3
2017,"Aug ",All Work,1.8
2017,Sep,New Housing - Public,0.6
2017,Sep,New Housing - Private,-1.7
2017,Sep,Total Housing,-1.3
2017,Sep,Other New Work - Infrastructure,-1
2017,Sep,Other New Work - Excluding Infrastructure - Public,-2.9
2017,Sep,Other New Work - Excluding Infrastructure - Private Industrial,2
2017,Sep,Other New Work - Excluding Infrastructure - Private Commercial,-2.9
2017,Sep,All New Work,-1.7
2017,Sep,Repair & Maintenance - Housing - Private,-0.5
2017,Sep,Repair & Maintenance - Housing - Public,-2.3
2017,Sep,Repair & Maintenance - Housing - Total,-1.8
2017,Sep,Repair and Maintenance - Non Housing R&M,1.8
2017,Sep,All Repair and Maintenance,-0.1
2017,Sep,All Work,-1.2
2017,Oct,New Housing - Public,-7.1
2017,Oct,New Housing - Private,1.6
2017,Oct,Total Housing,0.3
2017,Oct,Other New Work - Infrastructure,-5.4
2017,Oct,Other New Work - Excluding Infrastructure - Public,-0.8
2017,Oct,Other New Work - Excluding Infrastructure - Private Industrial,1.4
2017,Oct,Other New Work - Excluding Infrastructure - Private Commercial,-3.1
2017,Oct,All New Work,-1.8
2017,Oct,Repair & Maintenance - Housing - Private,-0.3
2017,Oct,Repair & Maintenance - Housing - Public,2.1
2017,Oct,Repair & Maintenance - Housing - Total,1.5
2017,Oct,Repair and Maintenance - Non Housing R&M,-1.6
2017,Oct,All Repair and Maintenance,0
2017,Oct,All Work,-1.2
2017,Nov,New Housing - Public,9.7
2017,Nov,New Housing - Private,3.1
2017,Nov,Total Housing,4.1
2017,Nov,Other New Work - Infrastructure,5.1
2017,Nov,Other New Work - Excluding Infrastructure - Public,-0.8
2017,Nov,Other New Work - Excluding Infrastructure - Private Industrial,-7.5
2017,Nov,Other New Work - Excluding Infrastructure - Private Commercial,0.7
2017,Nov,All New Work,2.2
2017,Nov,Repair & Maintenance - Housing - Private,-1.1
2017,Nov,Repair & Maintenance - Housing - Public,2.1
2017,Nov,Repair & Maintenance - Housing - Total,1.2
2017,Nov,Repair and Maintenance - Non Housing R&M,2.3
2017,Nov,All Repair and Maintenance,1.8
2017,Nov,All Work,2.1
2017,Dec,New Housing - Public,4.9
2017,Dec,New Housing - Private,8.9
2017,Dec,Total Housing,8.3
2017,Dec,Other New Work - Infrastructure,6.8
2017,Dec,Other New Work - Excluding Infrastructure - Public,8
2017,Dec,Other New Work - Excluding Infrastructure - Private Industrial,-1.5
2017,Dec,Other New Work - Excluding Infrastructure - Private Commercial,0.6
2017,Dec,All New Work,5.4
2017,Dec,Repair & Maintenance - Housing - Private,2.2
2017,Dec,Repair & Maintenance - Housing - Public,-3.5
2017,Dec,Repair & Maintenance - Housing - Total,-2
2017,Dec,Repair and Maintenance - Non Housing R&M,-0.4
2017,Dec,All Repair and Maintenance,-1.2
2017,Dec,All Work,3
2018,"Jan ",New Housing - Public,-12
2018,"Jan ",New Housing - Private,-9.4
2018,"Jan ",Total Housing,-9.7
2018,"Jan ",Other New Work - Infrastructure,0.9
2018,"Jan ",Other New Work - Excluding Infrastructure - Public,-14.6
2018,"Jan ",Other New Work - Excluding Infrastructure - Private Industrial,4.6
2018,"Jan ",Other New Work - Excluding Infrastructure - Private Commercial,1.3
2018,"Jan ",All New Work,-4.6
2018,"Jan ",Repair & Maintenance - Housing - Private,-2.4
2018,"Jan ",Repair & Maintenance - Housing - Public,-1.6
2018,"Jan ",Repair & Maintenance - Housing - Total,-1.8
2018,"Jan ",Repair and Maintenance - Non Housing R&M,-0.7
2018,"Jan ",All Repair and Maintenance,-1.3
2018,"Jan ",All Work,-3.5
2018,"Feb ",New Housing - Public,1.1
2018,"Feb ",New Housing - Private,6.8
2018,"Feb ",Total Housing,6
2018,"Feb ",Other New Work - Infrastructure,-6.2
2018,"Feb ",Other New Work - Excluding Infrastructure - Public,-1.6
2018,"Feb ",Other New Work - Excluding Infrastructure - Private Industrial,-1.7
2018,"Feb ",Other New Work - Excluding Infrastructure - Private Commercial,-1.1
2018,"Feb ",All New Work,0.4
2018,"Feb ",Repair & Maintenance - Housing - Private,-0.6
2018,"Feb ",Repair & Maintenance - Housing - Public,-0.3
2018,"Feb ",Repair & Maintenance - Housing - Total,-0.4
2018,"Feb ",Repair and Maintenance - Non Housing R&M,-1.7
2018,"Feb ",All Repair and Maintenance,-1
2018,"Feb ",All Work,-0.1
2018,Mar,New Housing - Public,-1.4
2018,Mar,New Housing - Private,-4.8
2018,Mar,Total Housing,-4.4
2018,Mar,Other New Work - Infrastructure,-3.2
2018,Mar,Other New Work - Excluding Infrastructure - Public,0.8
2018,Mar,Other New Work - Excluding Infrastructure - Private Industrial,12
2018,Mar,Other New Work - Excluding Infrastructure - Private Commercial,-2.8
2018,Mar,All New Work,-2.5
2018,Mar,Repair & Maintenance - Housing - Private,-2.9
2018,Mar,Repair & Maintenance - Housing - Public,0.8
2018,Mar,Repair & Maintenance - Housing - Total,-0.2
2018,Mar,Repair and Maintenance - Non Housing R&M,3.4
2018,Mar,All Repair and Maintenance,1.6
2018,Mar,All Work,-1.1
2018,"Apr ",New Housing - Public,-0.6
2018,"Apr ",New Housing - Private,-2.2
2018,"Apr ",Total Housing,-2
2018,"Apr ",Other New Work - Infrastructure,2.9
2018,"Apr ",Other New Work - Excluding Infrastructure - Public,-2.8
2018,"Apr ",Other New Work - Excluding Infrastructure - Private Industrial,-1.5
2018,"Apr ",Other New Work - Excluding Infrastructure - Private Commercial,0.7
2018,"Apr ",All New Work,-0.4
2018,"Apr ",Repair & Maintenance - Housing - Private,2.8
2018,"Apr ",Repair & Maintenance - Housing - Public,0.6
2018,"Apr ",Repair & Maintenance - Housing - Total,1.2
2018,"Apr ",Repair and Maintenance - Non Housing R&M,-1.2
2018,"Apr ",All Repair and Maintenance,0
2018,"Apr ",All Work,-0.2
2018,May,New Housing - Public,1.1
2018,May,New Housing - Private,1.7
2018,May,Total Housing,1.6
2018,May,Other New Work - Infrastructure,-1.4
2018,May,Other New Work - Excluding Infrastructure - Public,6.1
2018,May,Other New Work - Excluding Infrastructure - Private Industrial,0.2
2018,May,Other New Work - Excluding Infrastructure - Private Commercial,0.4
2018,May,All New Work,1
2018,May,Repair & Maintenance - Housing - Private,-0.5
2018,May,Repair & Maintenance - Housing - Public,5.4
2018,May,Repair & Maintenance - Housing - Total,3.8
2018,May,Repair and Maintenance - Non Housing R&M,5
2018,May,All Repair and Maintenance,4.4
2018,May,All Work,2.2
2018,"June ",New Housing - Public,2.7
2018,"June ",New Housing - Private,0.5
2018,"June ",Total Housing,0.8
2018,"June ",Other New Work - Infrastructure,6.5
2018,"June ",Other New Work - Excluding Infrastructure - Public,-1.3
2018,"June ",Other New Work - Excluding Infrastructure - Private Industrial,2.1
2018,"June ",Other New Work - Excluding Infrastructure - Private Commercial,-2.3
2018,"June ",All New Work,0.9
2018,"June ",Repair & Maintenance - Housing - Private,2.6
2018,"June ",Repair & Maintenance - Housing - Public,-2.2
2018,"June ",Repair & Maintenance - Housing - Total,-1
2018,"June ",Repair and Maintenance - Non Housing R&M,0.5
2018,"June ",All Repair and Maintenance,-0.3
2018,"June ",All Work,0.5
2018,"July ",New Housing - Public,1.3
2018,"July ",New Housing - Private,3.1
2018,"July ",Total Housing,2.9
2018,"July ",Other New Work - Infrastructure,-2.7
2018,"July ",Other New Work - Excluding Infrastructure - Public,3
2018,"July ",Other New Work - Excluding Infrastructure - Private Industrial,2
2018,"July ",Other New Work - Excluding Infrastructure - Private Commercial,-1.9
2018,"July ",All New Work,0.4
2018,"July ",Repair & Maintenance - Housing - Private,-0.9
2018,"July ",Repair & Maintenance - Housing - Public,0.5
2018,"July ",Repair & Maintenance - Housing - Total,0.1
2018,"July ",Repair and Maintenance - Non Housing R&M,-1.8
2018,"July ",All Repair and Maintenance,-0.8
2018,"July ",All Work,0
2018,"Aug ",New Housing - Public,-1.5
2018,"Aug ",New Housing - Private,-1.2
2018,"Aug ",Total Housing,-1.2
2018,"Aug ",Other New Work - Infrastructure,0.4
2018,"Aug ",Other New Work - Excluding Infrastructure - Public,-0.8
2018,"Aug ",Other New Work - Excluding Infrastructure - Private Industrial,-9.8
2018,"Aug ",Other New Work - Excluding Infrastructure - Private Commercial,-1.2
2018,"Aug ",All New Work,-1.3
2018,"Aug ",Repair & Maintenance - Housing - Private,-0.5
2018,"Aug ",Repair & Maintenance - Housing - Public,-2.5
2018,"Aug ",Repair & Maintenance - Housing - Total,-2
2018,"Aug ",Repair and Maintenance - Non Housing R&M,2
2018,"Aug ",All Repair and Maintenance,0
2018,"Aug ",All Work,-0.9
2018,Sep,New Housing - Public,4.7
2018,Sep,New Housing - Private,1.2
2018,Sep,Total Housing,1.7
2018,Sep,Other New Work - Infrastructure,2.3
2018,Sep,Other New Work - Excluding Infrastructure - Public,-0.2
2018,Sep,Other New Work - Excluding Infrastructure - Private Industrial,0.1
2018,Sep,Other New Work - Excluding Infrastructure - Private Commercial,-1.3
2018,Sep,All New Work,0.7
2018,Sep,Repair & Maintenance - Housing - Private,-2.7
2018,Sep,Repair & Maintenance - Housing - Public,-1.4
2018,Sep,Repair & Maintenance - Housing - Total,-1.8
2018,Sep,Repair and Maintenance - Non Housing R&M,1.9
2018,Sep,All Repair and Maintenance,0
2018,Sep,All Work,0.5
2018,Oct,New Housing - Public,-5.2
2018,Oct,New Housing - Private,-0.3
2018,Oct,Total Housing,-1
2018,Oct,Other New Work - Infrastructure,2.6
2018,Oct,Other New Work - Excluding Infrastructure - Public,8.1
2018,Oct,Other New Work - Excluding Infrastructure - Private Industrial,2.6
2018,Oct,Other New Work - Excluding Infrastructure - Private Commercial,1.2
2018,Oct,All New Work,1.4
2018,Oct,Repair & Maintenance - Housing - Private,-0.6
2018,Oct,Repair & Maintenance - Housing - Public,-0.8
2018,Oct,Repair & Maintenance - Housing - Total,-0.7
2018,Oct,Repair and Maintenance - Non Housing R&M,-3.4
2018,Oct,All Repair and Maintenance,-2.1
2018,Oct,All Work,0.1
2018,Nov,New Housing - Public,0.8
2018,Nov,New Housing - Private,2.4
2018,Nov,Total Housing,2.2
2018,Nov,Other New Work - Infrastructure,-0.5
2018,Nov,Other New Work - Excluding Infrastructure - Public,-10.3
2018,Nov,Other New Work - Excluding Infrastructure - Private Industrial,-0.3
2018,Nov,Other New Work - Excluding Infrastructure - Private Commercial,2.3
2018,Nov,All New Work,0.3
2018,Nov,Repair & Maintenance - Housing - Private,-1.7
2018,Nov,Repair & Maintenance - Housing - Public,1.7
2018,Nov,Repair & Maintenance - Housing - Total,0.8
2018,Nov,Repair and Maintenance - Non Housing R&M,-1.8
2018,Nov,All Repair and Maintenance,-0.5
2018,Nov,All Work,0
2018,Dec,New Housing - Public,13.7
2018,Dec,New Housing - Private,-1.6
2018,Dec,Total Housing,0.4
2018,Dec,Other New Work - Infrastructure,-3.7
2018,Dec,Other New Work - Excluding Infrastructure - Public,-0.8
2018,Dec,Other New Work - Excluding Infrastructure - Private Industrial,4.4
2018,Dec,Other New Work - Excluding Infrastructure - Private Commercial,-1.8
2018,Dec,All New Work,-0.9
2018,Dec,Repair & Maintenance - Housing - Private,0.1
2018,Dec,Repair & Maintenance - Housing - Public,-2.9
2018,Dec,Repair & Maintenance - Housing - Total,-2.2
2018,Dec,Repair and Maintenance - Non Housing R&M,-4.4
2018,Dec,All Repair and Maintenance,-3.3
2018,Dec,All Work,-1.7
2019,Jan,New Housing - Public,-1
2019,Jan,New Housing - Private,2
2019,Jan,Total Housing,1.6
2019,Jan,Other New Work - Infrastructure,2.2
2019,Jan,Other New Work - Excluding Infrastructure - Public,0.6
2019,Jan,Other New Work - Excluding Infrastructure - Private Industrial,7.3
2019,Jan,Other New Work - Excluding Infrastructure - Private Commercial,-3.6
2019,Jan,All New Work,0.5
2019,Jan,Repair & Maintenance - Housing - Private,0.1
2019,Jan,Repair & Maintenance - Housing - Public,4.5
2019,Jan,Repair & Maintenance - Housing - Total,3.4
2019,Jan,Repair and Maintenance - Non Housing R&M,8.8
2019,Jan,All Repair and Maintenance,6
2019,Jan,All Work,2.4
2019,Feb,New Housing - Public,-1.2
2019,Feb,New Housing - Private,5.4
2019,Feb,Total Housing,4.4
2019,Feb,Other New Work - Infrastructure,3.1
2019,Feb,Other New Work - Excluding Infrastructure - Public,3.1
2019,Feb,Other New Work - Excluding Infrastructure - Private Industrial,-7
2019,Feb,Other New Work - Excluding Infrastructure - Private Commercial,3.2
2019,Feb,All New Work,3.1
2019,Feb,Repair & Maintenance - Housing - Private,3.5
2019,Feb,Repair & Maintenance - Housing - Public,1
2019,Feb,Repair & Maintenance - Housing - Total,1.6
2019,Feb,Repair and Maintenance - Non Housing R&M,-0.3
2019,Feb,All Repair and Maintenance,0.6
2019,Feb,All Work,2.2
2019,Mar,New Housing - Public,1.5
2019,Mar,New Housing - Private,-5.6
2019,Mar,Total Housing,-4.6
2019,Mar,Other New Work - Infrastructure,-0.8
2019,Mar,Other New Work - Excluding Infrastructure - Public,0.6
2019,Mar,Other New Work - Excluding Infrastructure - Private Industrial,-0.9
2019,Mar,Other New Work - Excluding Infrastructure - Private Commercial,2.5
2019,Mar,All New Work,-1.4
2019,Mar,Repair & Maintenance - Housing - Private,-6.1
2019,Mar,Repair & Maintenance - Housing - Public,-0.8
2019,Mar,Repair & Maintenance - Housing - Total,-2.2
2019,Mar,Repair and Maintenance - Non Housing R&M,-0.3
2019,Mar,All Repair and Maintenance,-1.3
2019,Mar,All Work,-1.3
2019,Apr,New Housing - Public,0.9
2019,Apr,New Housing - Private,0.1
2019,Apr,Total Housing,0.2
2019,Apr,Other New Work - Infrastructure,-1.2
2019,Apr,Other New Work - Excluding Infrastructure - Public,-3.3
2019,Apr,Other New Work - Excluding Infrastructure - Private Industrial,0.9
2019,Apr,Other New Work - Excluding Infrastructure - Private Commercial,0.6
2019,Apr,All New Work,-0.3
2019,Apr,Repair & Maintenance - Housing - Private,3.9
2019,Apr,Repair & Maintenance - Housing - Public,-1.4
2019,Apr,Repair & Maintenance - Housing - Total,-0.1
2019,Apr,Repair and Maintenance - Non Housing R&M,1.9
2019,Apr,All Repair and Maintenance,0.9
2019,Apr,All Work,0.1
2019,May,New Housing - Public,4.1
2019,May,New Housing - Private,0.5
2019,May,Total Housing,1.1
2019,May,Other New Work - Infrastructure,2.1
2019,May,Other New Work - Excluding Infrastructure - Public,-2.8
2019,May,Other New Work - Excluding Infrastructure - Private Industrial,0.8
2019,May,Other New Work - Excluding Infrastructure - Private Commercial,-2.9
2019,May,All New Work,-0.1
2019,May,Repair & Maintenance - Housing - Private,2.5
2019,May,Repair & Maintenance - Housing - Public,1.7
2019,May,Repair & Maintenance - Housing - Total,1.9
2019,May,Repair and Maintenance - Non Housing R&M,-1.4
2019,May,All Repair and Maintenance,0.2
2019,May,All Work,0
2019,June,New Housing - Public,8.9
2019,June,New Housing - Private,-1.3
2019,June,Total Housing,0.2
2019,June,Other New Work - Infrastructure,-3.7
2019,June,Other New Work - Excluding Infrastructure - Public,2.1
2019,June,Other New Work - Excluding Infrastructure - Private Industrial,-3.7
2019,June,Other New Work - Excluding Infrastructure - Private Commercial,0.8
2019,June,All New Work,-0.4
2019,June,Repair & Maintenance - Housing - Private,-2.9
2019,June,Repair & Maintenance - Housing - Public,-1.5
2019,June,Repair & Maintenance - Housing - Total,-1.9
2019,June,Repair and Maintenance - Non Housing R&M,-2.4
2019,June,All Repair and Maintenance,-2.1
2019,June,All Work,-1
2019,July,New Housing - Public,-14.4
2019,July,New Housing - Private,4
2019,July,Total Housing,0.9
2019,July,Other New Work - Infrastructure,-0.3
2019,July,Other New Work - Excluding Infrastructure - Public,-1.8
2019,July,Other New Work - Excluding Infrastructure - Private Industrial,3.8
2019,July,Other New Work - Excluding Infrastructure - Private Commercial,0.1
2019,July,All New Work,0.4
2019,July,Repair & Maintenance - Housing - Private,7.8
2019,July,Repair & Maintenance - Housing - Public,-0.4
2019,July,Repair & Maintenance - Housing - Total,1.7
2019,July,Repair and Maintenance - Non Housing R&M,1
2019,July,All Repair and Maintenance,1.4
2019,July,All Work,0.7
2019,"Aug ",New Housing - Public,3.1
2019,"Aug ",New Housing - Private,1
2019,"Aug ",Total Housing,1.3
2019,"Aug ",Other New Work - Infrastructure,-1.4
2019,"Aug ",Other New Work - Excluding Infrastructure - Public,-0.6
2019,"Aug ",Other New Work - Excluding Infrastructure - Private Industrial,3.9
2019,"Aug ",Other New Work - Excluding Infrastructure - Private Commercial,1.6
2019,"Aug ",All New Work,0.8
2019,"Aug ",Repair & Maintenance - Housing - Private,-2.9
2019,"Aug ",Repair & Maintenance - Housing - Public,0.3
2019,"Aug ",Repair & Maintenance - Housing - Total,-0.6
2019,"Aug ",Repair and Maintenance - Non Housing R&M,-1.2
2019,"Aug ",All Repair and Maintenance,-0.9
2019,"Aug ",All Work,0.2
2019,Sep,New Housing - Public,2.4
2019,Sep,New Housing - Private,-2.5
2019,Sep,Total Housing,-1.8
2019,Sep,Other New Work - Infrastructure,7.7
2019,Sep,Other New Work - Excluding Infrastructure - Public,2.9
2019,Sep,Other New Work - Excluding Infrastructure - Private Industrial,0.6
2019,Sep,Other New Work - Excluding Infrastructure - Private Commercial,-1.8
2019,Sep,All New Work,0.6
2019,Sep,Repair & Maintenance - Housing - Private,0
2019,Sep,Repair & Maintenance - Housing - Public,-0.6
2019,Sep,Repair & Maintenance - Housing - Total,-0.4
2019,Sep,Repair and Maintenance - Non Housing R&M,-3.5
2019,Sep,All Repair and Maintenance,-1.9
2019,Sep,All Work,-0.3
2019,Oct,New Housing - Public,2.2
2019,Oct,New Housing - Private,-3.7
2019,Oct,Total Housing,-2.8
2019,Oct,Other New Work - Infrastructure,-5.4
2019,Oct,Other New Work - Excluding Infrastructure - Public,-1.7
2019,Oct,Other New Work - Excluding Infrastructure - Private Industrial,-3.4
2019,Oct,Other New Work - Excluding Infrastructure - Private Commercial,-0.1
2019,Oct,All New Work,-2.6
2019,Oct,Repair & Maintenance - Housing - Private,-0.1
2019,Oct,Repair & Maintenance - Housing - Public,0.6
2019,Oct,Repair & Maintenance - Housing - Total,0.4
2019,Oct,Repair and Maintenance - Non Housing R&M,1.5
2019,Oct,All Repair and Maintenance,1
2019,Oct,All Work,-1.4
2019,Nov,New Housing - Public,-0.1
2019,Nov,New Housing - Private,2.2
2019,Nov,Total Housing,1.8
2019,Nov,Other New Work - Infrastructure,-1.1
2019,Nov,Other New Work - Excluding Infrastructure - Public,2.7
2019,Nov,Other New Work - Excluding Infrastructure - Private Industrial,5.1
2019,Nov,Other New Work - Excluding Infrastructure - Private Commercial,0.1
2019,Nov,All New Work,1
2019,Nov,Repair & Maintenance - Housing - Private,1.4
2019,Nov,Repair & Maintenance - Housing - Public,-0.6
2019,Nov,Repair & Maintenance - Housing - Total,-0.1
2019,Nov,Repair and Maintenance - Non Housing R&M,0.7
2019,Nov,All Repair and Maintenance,0.3
2019,Nov,All Work,0.8
2019,Dec,New Housing - Public,0.2
2019,Dec,New Housing - Private,0.1
2019,Dec,Total Housing,0.1
2019,Dec,Other New Work - Infrastructure,1.3
2019,Dec,Other New Work - Excluding Infrastructure - Public,-1.1
2019,Dec,Other New Work - Excluding Infrastructure - Private Industrial,-7.7
2019,Dec,Other New Work - Excluding Infrastructure - Private Commercial,1.5
2019,Dec,All New Work,0.2
2019,Dec,Repair & Maintenance - Housing - Private,0.4
2019,Dec,Repair & Maintenance - Housing - Public,-3.7
2019,Dec,Repair & Maintenance - Housing - Total,-2.6
2019,Dec,Repair and Maintenance - Non Housing R&M,-0.9
2019,Dec,All Repair and Maintenance,-1.8
2019,Dec,All Work,-0.5
2020,Jan,New Housing - Public,0.1
2020,Jan,New Housing - Private,2.5
2020,Jan,Total Housing,2.2
2020,Jan,Other New Work - Infrastructure,3
2020,Jan,Other New Work - Excluding Infrastructure - Public,3.1
2020,Jan,Other New Work - Excluding Infrastructure - Private Industrial,8.3
2020,Jan,Other New Work - Excluding Infrastructure - Private Commercial,-2.2
2020,Jan,All New Work,1.6
2020,Jan,Repair & Maintenance - Housing - Private,0.9
2020,Jan,Repair & Maintenance - Housing - Public,-4.1
2020,Jan,Repair & Maintenance - Housing - Total,-2.7
2020,Jan,Repair and Maintenance - Non Housing R&M,-2.6
2020,Jan,All Repair and Maintenance,-2.7
2020,Jan,All Work,0.1
2020,Feb,New Housing - Public,-2.2
2020,Feb,New Housing - Private,-5.6
2020,Feb,Total Housing,-5.1
2020,Feb,Other New Work - Infrastructure,-3.7
2020,Feb,Other New Work - Excluding Infrastructure - Public,1.1
2020,Feb,Other New Work - Excluding Infrastructure - Private Industrial,-1
2020,Feb,Other New Work - Excluding Infrastructure - Private Commercial,-0.1
2020,Feb,All New Work,-2.8
2020,Feb,Repair & Maintenance - Housing - Private,-1.9
2020,Feb,Repair & Maintenance - Housing - Public,0.8
2020,Feb,Repair & Maintenance - Housing - Total,0
2020,Feb,Repair and Maintenance - Non Housing R&M,6
2020,Feb,All Repair and Maintenance,3
2020,Feb,All Work,-0.9
2020,Mar,New Housing - Public,-8.7
2020,Mar,New Housing - Private,-5.1
2020,Mar,Total Housing,-5.6
2020,Mar,Other New Work - Infrastructure,-2.6
2020,Mar,Other New Work - Excluding Infrastructure - Public,-6.1
2020,Mar,Other New Work - Excluding Infrastructure - Private Industrial,0
2020,Mar,Other New Work - Excluding Infrastructure - Private Commercial,-8.1
2020,Mar,All New Work,-5.4
2020,Mar,Repair & Maintenance - Housing - Private,-0.4
2020,Mar,Repair & Maintenance - Housing - Public,-2.3
2020,Mar,Repair & Maintenance - Housing - Total,-1.7
2020,Mar,Repair and Maintenance - Non Housing R&M,-5.2
2020,Mar,All Repair and Maintenance,-3.5
2020,Mar,All Work,-4.8
2020,Apr,New Housing - Public,-65.3
2020,Apr,New Housing - Private,-58.7
2020,Apr,Total Housing,-59.7
2020,Apr,Other New Work - Infrastructure,-23
2020,Apr,Other New Work - Excluding Infrastructure - Public,-23.2
2020,Apr,Other New Work - Excluding Infrastructure - Private Industrial,-42.3
2020,Apr,Other New Work - Excluding Infrastructure - Private Commercial,-41.1
2020,Apr,All New Work,-43.1
2020,Apr,Repair & Maintenance - Housing - Private,-48.3
2020,Apr,Repair & Maintenance - Housing - Public,-48.4
2020,Apr,Repair & Maintenance - Housing - Total,-48.4
2020,Apr,Repair and Maintenance - Non Housing R&M,-29.6
2020,Apr,All Repair and Maintenance,-39
2020,Apr,All Work,-41.7
2020,May,New Housing - Public,17.5
2020,May,New Housing - Private,18.3
2020,May,Total Housing,18.2
2020,May,Other New Work - Infrastructure,21.5
2020,May,Other New Work - Excluding Infrastructure - Public,0.5
2020,May,Other New Work - Excluding Infrastructure - Private Industrial,7.3
2020,May,Other New Work - Excluding Infrastructure - Private Commercial,3.1
2020,May,All New Work,12.3
2020,May,Repair & Maintenance - Housing - Private,-7.4
2020,May,Repair & Maintenance - Housing - Public,3.3
2020,May,Repair & Maintenance - Housing - Total,0.2
2020,May,Repair and Maintenance - Non Housing R&M,7.3
2020,May,All Repair and Maintenance,4.3
2020,May,All Work,9.4
2020,June,New Housing - Public,13.1
2020,June,New Housing - Private,36.7
2020,June,Total Housing,33.6
2020,June,Other New Work - Infrastructure,-1.6
2020,June,Other New Work - Excluding Infrastructure - Public,14.8
2020,June,Other New Work - Excluding Infrastructure - Private Industrial,15.3
2020,June,Other New Work - Excluding Infrastructure - Private Commercial,26.1
2020,June,All New Work,18.2
2020,June,Repair & Maintenance - Housing - Private,20.3
2020,June,Repair & Maintenance - Housing - Public,54.1
2020,June,Repair & Maintenance - Housing - Total,45.1
2020,June,Repair and Maintenance - Non Housing R&M,19.9
2020,June,All Repair and Maintenance,30.2
2020,June,All Work,22.3
2020,July,New Housing - Public,61.2
2020,July,New Housing - Private,32.2
2020,July,Total Housing,35.4
2020,July,Other New Work - Infrastructure,9.8
2020,July,Other New Work - Excluding Infrastructure - Public,0.8
2020,July,Other New Work - Excluding Infrastructure - Private Industrial,1.3
2020,July,Other New Work - Excluding Infrastructure - Private Commercial,10.7
2020,July,All New Work,17
2020,July,Repair & Maintenance - Housing - Private,27
2020,July,Repair & Maintenance - Housing - Public,24.6
2020,July,Repair & Maintenance - Housing - Total,25.1
2020,July,Repair and Maintenance - Non Housing R&M,12.4
2020,July,All Repair and Maintenance,18.2
2020,July,All Work,17.5
2020,Aug,New Housing - Public,0.4
2020,Aug,New Housing - Private,9.2
2020,Aug,Total Housing,8
2020,Aug,Other New Work - Infrastructure,1.2
2020,Aug,Other New Work - Excluding Infrastructure - Public,1.8
2020,Aug,Other New Work - Excluding Infrastructure - Private Industrial,1
2020,Aug,Other New Work - Excluding Infrastructure - Private Commercial,-2.6
2020,Aug,All New Work,2.9
2020,Aug,Repair & Maintenance - Housing - Private,10.8
2020,Aug,Repair & Maintenance - Housing - Public,7.1
2020,Aug,Repair & Maintenance - Housing - Total,7.9
2020,Aug,Repair and Maintenance - Non Housing R&M,-3.9
2020,Aug,All Repair and Maintenance,1.8
2020,Aug,All Work,2.5
2020,Sep,New Housing - Public,-6.5
2020,Sep,New Housing - Private,4.4
2020,Sep,Total Housing,3
2020,Sep,Other New Work - Infrastructure,-1.8
2020,Sep,Other New Work - Excluding Infrastructure - Public,-0.8
2020,Sep,Other New Work - Excluding Infrastructure - Private Industrial,-0.1
2020,Sep,Other New Work - Excluding Infrastructure - Private Commercial,6.2
2020,Sep,All New Work,2.2
2020,Sep,Repair & Maintenance - Housing - Private,8.3
2020,Sep,Repair & Maintenance - Housing - Public,5.5
2020,Sep,Repair & Maintenance - Housing - Total,6.2
2020,Sep,Repair and Maintenance - Non Housing R&M,3.9
2020,Sep,All Repair and Maintenance,5.1
2020,Sep,All Work,3.2
2020,Oct,New Housing - Public,7.6
2020,Oct,New Housing - Private,0.1
2020,Oct,Total Housing,0.9
2020,Oct,Other New Work - Infrastructure,-0.4
2020,Oct,Other New Work - Excluding Infrastructure - Public,12.9
2020,Oct,Other New Work - Excluding Infrastructure - Private Industrial,9
2020,Oct,Other New Work - Excluding Infrastructure - Private Commercial,-1.5
2020,Oct,All New Work,1.5
2020,Oct,Repair & Maintenance - Housing - Private,4.1
2020,Oct,Repair & Maintenance - Housing - Public,3.4
2020,Oct,Repair & Maintenance - Housing - Total,3.6
2020,Oct,Repair and Maintenance - Non Housing R&M,1.8
2020,Oct,All Repair and Maintenance,2.7
2020,Oct,All Work,2
2020,Nov,New Housing - Public,0.8
2020,Nov,New Housing - Private,1
2020,Nov,Total Housing,1
2020,Nov,Other New Work - Infrastructure,9.7
2020,Nov,Other New Work - Excluding Infrastructure - Public,-2.7
2020,Nov,Other New Work - Excluding Infrastructure - Private Industrial,1.3
2020,Nov,Other New Work - Excluding Infrastructure - Private Commercial,1.4
2020,Nov,All New Work,2.6
2020,Nov,Repair & Maintenance - Housing - Private,2.2
2020,Nov,Repair & Maintenance - Housing - Public,-6.3
2020,Nov,Repair & Maintenance - Housing - Total,-4.3
2020,Nov,Repair and Maintenance - Non Housing R&M,0.5
2020,Nov,All Repair and Maintenance,-2
2020,Nov,All Work,0.9
2020,Dec,New Housing - Public,-9.7
2020,Dec,New Housing - Private,1.1
2020,Dec,Total Housing,-0.2
2020,Dec,Other New Work - Infrastructure,0.2
2020,Dec,Other New Work - Excluding Infrastructure - Public,-0.3
2020,Dec,Other New Work - Excluding Infrastructure - Private Industrial,-11.3
2020,Dec,Other New Work - Excluding Infrastructure - Private Commercial,-7.9
2020,Dec,All New Work,-2.4
2020,Dec,Repair & Maintenance - Housing - Private,-1
2020,Dec,Repair & Maintenance - Housing - Public,0.3
2020,Dec,Repair & Maintenance - Housing - Total,0
2020,Dec,Repair and Maintenance - Non Housing R&M,-0.3
2020,Dec,All Repair and Maintenance,-0.2
2020,Dec,All Work,-1.6
2021,Jan,New Housing - Public,8.7
2021,Jan,New Housing - Private,-4.9
2021,Jan,Total Housing,-3.4
2021,Jan,Other New Work - Infrastructure,1.2
2021,Jan,Other New Work - Excluding Infrastructure - Public,-0.1
2021,Jan,Other New Work - Excluding Infrastructure - Private Industrial,-1.7
2021,Jan,Other New Work - Excluding Infrastructure - Private Commercial,1.9
2021,Jan,All New Work,-0.8
2021,Jan,Repair & Maintenance - Housing - Private,0
2021,Jan,Repair & Maintenance - Housing - Public,-4.5
2021,Jan,Repair & Maintenance - Housing - Total,-3.4
2021,Jan,Repair and Maintenance - Non Housing R&M,1.2
2021,Jan,All Repair and Maintenance,-1.1
2021,Jan,All Work,-0.9
2021,Feb,New Housing - Public,7.7
2021,Feb,New Housing - Private,6.6
2021,Feb,Total Housing,6.8
2021,Feb,Other New Work - Infrastructure,-1.7
2021,Feb,Other New Work - Excluding Infrastructure - Public,0.2
2021,Feb,Other New Work - Excluding Infrastructure - Private Industrial,1.2
2021,Feb,Other New Work - Excluding Infrastructure - Private Commercial,5.1
2021,Feb,All New Work,3.5
2021,Feb,Repair & Maintenance - Housing - Private,-7.6
2021,Feb,Repair & Maintenance - Housing - Public,7.5
2021,Feb,Repair & Maintenance - Housing - Total,3.6
2021,Feb,Repair and Maintenance - Non Housing R&M,3.2
2021,Feb,All Repair and Maintenance,3.4
2021,Feb,All Work,3.4
2021,Mar,New Housing - Public,-3.5
2021,Mar,New Housing - Private,9
2021,Mar,Total Housing,7.4
2021,Mar,Other New Work - Infrastructure,6.9
2021,Mar,Other New Work - Excluding Infrastructure - Public,1.9
2021,Mar,Other New Work - Excluding Infrastructure - Private Industrial,2.2
2021,Mar,Other New Work - Excluding Infrastructure - Private Commercial,0.7
2021,Mar,All New Work,5
2021,Mar,Repair & Maintenance - Housing - Private,-1.2
2021,Mar,Repair & Maintenance - Housing - Public,8.1
2021,Mar,Repair & Maintenance - Housing - Total,5.9
2021,Mar,Repair and Maintenance - Non Housing R&M,3.1
2021,Mar,All Repair and Maintenance,4.5
2021,Mar,All Work,4.8
2021,Apr,New Housing - Public,3.1
2021,Apr,New Housing - Private,-7.1
2021,Apr,Total Housing,-6
2021,Apr,Other New Work - Infrastructure,10.1
2021,Apr,Other New Work - Excluding Infrastructure - Public,0.1
2021,Apr,Other New Work - Excluding Infrastructure - Private Industrial,1.3
2021,Apr,Other New Work - Excluding Infrastructure - Private Commercial,1.3
2021,Apr,All New Work,0.2
2021,Apr,Repair & Maintenance - Housing - Private,7.1
2021,Apr,Repair & Maintenance - Housing - Public,-7.1
2021,Apr,Repair & Maintenance - Housing - Total,-4
2021,Apr,Repair and Maintenance - Non Housing R&M,5.5
2021,Apr,All Repair and Maintenance,0.7
2021,Apr,All Work,0.4
2021,May,New Housing - Public,-2.8
2021,May,New Housing - Private,0.9
2021,May,Total Housing,0.4
2021,May,Other New Work - Infrastructure,2
2021,May,Other New Work - Excluding Infrastructure - Public,-9.8
2021,May,Other New Work - Excluding Infrastructure - Private Industrial,-3.4
2021,May,Other New Work - Excluding Infrastructure - Private Commercial,-6.3
2021,May,All New Work,-1.8
2021,May,Repair & Maintenance - Housing - Private,0.7
2021,May,Repair & Maintenance - Housing - Public,-0.5
2021,May,Repair & Maintenance - Housing - Total,-0.2
2021,May,Repair and Maintenance - Non Housing R&M,-1.7
2021,May,All Repair and Maintenance,-1
2021,May,All Work,-1.5
2021,June,New Housing - Public,0.7
2021,June,New Housing - Private,-3.8
2021,June,Total Housing,-3.3
2021,June,Other New Work - Infrastructure,12
2021,June,Other New Work - Excluding Infrastructure - Public,8
2021,June,Other New Work - Excluding Infrastructure - Private Industrial,4.4
2021,June,Other New Work - Excluding Infrastructure - Private Commercial,0.1
2021,June,All New Work,2.8
2021,June,Repair & Maintenance - Housing - Private,-1
2021,June,Repair & Maintenance - Housing - Public,-2.8
2021,June,Repair & Maintenance - Housing - Total,-2.4
2021,June,Repair and Maintenance - Non Housing R&M,-5
2021,June,All Repair and Maintenance,-3.7
2021,June,All Work,0.4
2021,July,New Housing - Public,0.7
2021,July,New Housing - Private,-1.9
2021,July,Total Housing,-1.6
2021,July,Other New Work - Infrastructure,1.1
2021,July,Other New Work - Excluding Infrastructure - Public,-13.8
2021,July,Other New Work - Excluding Infrastructure - Private Industrial,16.5
2021,July,Other New Work - Excluding Infrastructure - Private Commercial,-1.4
2021,July,All New Work,-1.1
2021,July,Repair & Maintenance - Housing - Private,6.8
2021,July,Repair & Maintenance - Housing - Public,-2.8
2021,July,Repair & Maintenance - Housing - Total,-0.5
2021,July,Repair and Maintenance - Non Housing R&M,-0.8
2021,July,All Repair and Maintenance,-0.6
2021,July,All Work,-1
2021,Aug,New Housing - Public,-0.3
2021,Aug,New Housing - Private,1
2021,Aug,Total Housing,0.8
2021,Aug,Other New Work - Infrastructure,0.4
2021,Aug,Other New Work - Excluding Infrastructure - Public,-1.6
2021,Aug,Other New Work - Excluding Infrastructure - Private Industrial,1.4
2021,Aug,Other New Work - Excluding Infrastructure - Private Commercial,-1.7
2021,Aug,All New Work,0
2021,Aug,Repair & Maintenance - Housing - Private,-1.2
2021,Aug,Repair & Maintenance - Housing - Public,3.2
2021,Aug,Repair & Maintenance - Housing - Total,2
2021,Aug,Repair and Maintenance - Non Housing R&M,-3.1
2021,Aug,All Repair and Maintenance,-0.6
2021,Aug,All Work,-0.2
